{
  "ProjectName": "Chips",
  "BuildVersion": "1.0.2",
  "CreationTime": "2023-04-29T17:35:12.9549215+02:00",
  "AllCreatedChips": [
    "NAND",
    "OR",
    "XOR",
    "ADDER",
    "4-BIT ADDER",
    "ALU",
    "NOR",
    "D-LATCH",
    "4-BIT-REGISTER",
    "D-FLIP-FLOP",
    "1-BIT-REGISTER",
    "OR3",
    "OR4",
    "7-SEGMENT-DRIVER",
    "DIGIT DISPLAY",
    "DABBLE",
    "DOUBLE DABBLE",
    "Double Dabble Test",
    "NEGATE",
    "MUX",
    "4-BIT-REG + DIGIT",
    "DODA-TO-DIDI"
  ],
  "StarredChips": [
    "AND",
    "NOT",
    "NAND",
    "XOR",
    "ADDER",
    "4-BIT ADDER",
    "ALU",
    "NOR",
    "4-BIT-REGISTER",
    "1-BIT-REGISTER",
    "OR",
    "OR3",
    "OR4",
    "DIGIT DISPLAY",
    "DABBLE",
    "DOUBLE DABBLE",
    "Double Dabble Test",
    "7-SEGMENT DISPLAY",
    "NEGATE",
    "MUX",
    "4-BIT-REG + DIGIT",
    "DODA-TO-DIDI"
  ],
  "DisplayOptions": {
    "MainChipPinNameDisplayMode": 1,
    "SubChipPinNameDisplayMode": 1,
    "ShowCursorGuide": 0
  }
}