{
  "Name": "4-BIT ADDER",
  "Colour": "#4CCA6F",
  "InputPins": [
    {
      "Name": "N1P1",
      "ID": 2012559747,
      "PositionY": 3.59259224,
      "ColourThemeName": "Red"
    },
    {
      "Name": "N1P2",
      "ID": 748252244,
      "PositionY": 2.90740657,
      "ColourThemeName": "Red"
    },
    {
      "Name": "N1P3",
      "ID": 1018301021,
      "PositionY": 2.24074054,
      "ColourThemeName": "Red"
    },
    {
      "Name": "N1P4",
      "ID": 1907398991,
      "PositionY": 1.60185158,
      "ColourThemeName": "Red"
    },
    {
      "Name": "N2P1",
      "ID": 1398978753,
      "PositionY": 0.361111164,
      "ColourThemeName": "Red"
    },
    {
      "Name": "N2P2",
      "ID": 462285012,
      "PositionY": -0.32407403,
      "ColourThemeName": "Red"
    },
    {
      "Name": "N2P3",
      "ID": 1211657445,
      "PositionY": -1.03703713,
      "ColourThemeName": "Red"
    },
    {
      "Name": "N2P4",
      "ID": 1704834964,
      "PositionY": -1.67592585,
      "ColourThemeName": "Red"
    },
    {
      "Name": "In Carry",
      "ID": 505562748,
      "PositionY": -3.25925946,
      "ColourThemeName": "Red"
    }
  ],
  "OutputPins": [
    {
      "Name": "Out 1",
      "ID": 708540558,
      "PositionY": 1.88888907,
      "ColourThemeName": "Red"
    },
    {
      "Name": "Out 2",
      "ID": 2129160425,
      "PositionY": 1.15740716,
      "ColourThemeName": "Red"
    },
    {
      "Name": "Out 3",
      "ID": 1739648028,
      "PositionY": 0.462962985,
      "ColourThemeName": "Red"
    },
    {
      "Name": "Out  4",
      "ID": 624442070,
      "PositionY": -0.25000006,
      "ColourThemeName": "Red"
    },
    {
      "Name": "Out Carry",
      "ID": 53788802,
      "PositionY": -1.574074,
      "ColourThemeName": "Red"
    }
  ],
  "SubChips": [
    {
      "Name": "ADDER",
      "ID": 1818249026,
      "Points": [
        {
          "X": -1.29629683,
          "Y": -0.5833334
        }
      ],
      "Data": null
    },
    {
      "Name": "ADDER",
      "ID": 583172544,
      "Points": [
        {
          "X": 1.01851785,
          "Y": 0.648147464
        }
      ],
      "Data": null
    },
    {
      "Name": "ADDER",
      "ID": 1314599578,
      "Points": [
        {
          "X": 3.527778,
          "Y": 1.67592525
        }
      ],
      "Data": null
    },
    {
      "Name": "ADDER",
      "ID": 92408111,
      "Points": [
        {
          "X": -3.61111164,
          "Y": -1.72222209
        }
      ],
      "Data": null
    }
  ],
  "Connections": [
    {
      "Source": {
        "PinType": 4,
        "SubChipID": 1314599578,
        "PinID": 1414980529
      },
      "Target": {
        "PinType": 2,
        "SubChipID": 0,
        "PinID": 708540558
      },
      "WirePoints": [
        {
          "X": 4.272778,
          "Y": 1.91592526
        },
        {
          "X": 7.837778,
          "Y": 1.88888907
        }
      ],
      "ColourThemeName": "Red"
    },
    {
      "Source": {
        "PinType": 4,
        "SubChipID": 583172544,
        "PinID": 1414980529
      },
      "Target": {
        "PinType": 2,
        "SubChipID": 0,
        "PinID": 2129160425
      },
      "WirePoints": [
        {
          "X": 1.76351786,
          "Y": 0.8881475
        },
        {
          "X": 5.555556,
          "Y": 0.8611113
        },
        {
          "X": 5.555556,
          "Y": 1.15740716
        },
        {
          "X": 7.837778,
          "Y": 1.15740716
        }
      ],
      "ColourThemeName": "Red"
    },
    {
      "Source": {
        "PinType": 4,
        "SubChipID": 1818249026,
        "PinID": 1414980529
      },
      "Target": {
        "PinType": 2,
        "SubChipID": 0,
        "PinID": 1739648028
      },
      "WirePoints": [
        {
          "X": -0.55129683,
          "Y": -0.343333364
        },
        {
          "X": 5.935185,
          "Y": -0.343333364
        },
        {
          "X": 5.935185,
          "Y": 0.425925851
        },
        {
          "X": 7.694445,
          "Y": 0.425925851
        },
        {
          "X": 7.837778,
          "Y": 0.462962985
        }
      ],
      "ColourThemeName": "Red"
    },
    {
      "Source": {
        "PinType": 4,
        "SubChipID": 92408111,
        "PinID": 1414980529
      },
      "Target": {
        "PinType": 2,
        "SubChipID": 0,
        "PinID": 624442070
      },
      "WirePoints": [
        {
          "X": -2.86611176,
          "Y": -1.48222208
        },
        {
          "X": 6.48148155,
          "Y": -1.48222208
        },
        {
          "X": 6.48148155,
          "Y": -0.212962925
        },
        {
          "X": 7.837778,
          "Y": -0.25000006
        }
      ],
      "ColourThemeName": "Red"
    },
    {
      "Source": {
        "PinType": 1,
        "SubChipID": 0,
        "PinID": 505562748
      },
      "Target": {
        "PinType": 3,
        "SubChipID": 92408111,
        "PinID": 614332048
      },
      "WirePoints": [
        {
          "X": -7.837778,
          "Y": -3.25925946
        },
        {
          "X": -5.027778,
          "Y": -3.25925946
        },
        {
          "X": -5.027778,
          "Y": -1.98148155
        },
        {
          "X": -4.59259272,
          "Y": -1.98148155
        },
        {
          "X": -4.35611153,
          "Y": -1.9622221
        }
      ],
      "ColourThemeName": "Red"
    },
    {
      "Source": {
        "PinType": 4,
        "SubChipID": 92408111,
        "PinID": 1222620049
      },
      "Target": {
        "PinType": 3,
        "SubChipID": 1818249026,
        "PinID": 614332048
      },
      "WirePoints": [
        {
          "X": -2.86611176,
          "Y": -1.9622221
        },
        {
          "X": -2.30555534,
          "Y": -1.9622221
        },
        {
          "X": -2.30555534,
          "Y": -0.833333433
        },
        {
          "X": -2.041297,
          "Y": -0.8233334
        }
      ],
      "ColourThemeName": "Red"
    },
    {
      "Source": {
        "PinType": 4,
        "SubChipID": 1818249026,
        "PinID": 1222620049
      },
      "Target": {
        "PinType": 3,
        "SubChipID": 583172544,
        "PinID": 614332048
      },
      "WirePoints": [
        {
          "X": -0.55129683,
          "Y": -0.8233334
        },
        {
          "X": -0.06481489,
          "Y": -0.8233334
        },
        {
          "X": -0.06481489,
          "Y": 0.425925851
        },
        {
          "X": 0.273517847,
          "Y": 0.408147454
        }
      ],
      "ColourThemeName": "Red"
    },
    {
      "Source": {
        "PinType": 4,
        "SubChipID": 583172544,
        "PinID": 1222620049
      },
      "Target": {
        "PinType": 3,
        "SubChipID": 1314599578,
        "PinID": 614332048
      },
      "WirePoints": [
        {
          "X": 1.76351786,
          "Y": 0.408147454
        },
        {
          "X": 2.4537034,
          "Y": 0.408147454
        },
        {
          "X": 2.4537034,
          "Y": 1.41666651
        },
        {
          "X": 2.78277779,
          "Y": 1.43592525
        }
      ],
      "ColourThemeName": "Red"
    },
    {
      "Source": {
        "PinType": 4,
        "SubChipID": 1314599578,
        "PinID": 1222620049
      },
      "Target": {
        "PinType": 2,
        "SubChipID": 0,
        "PinID": 53788802
      },
      "WirePoints": [
        {
          "X": 4.272778,
          "Y": 1.43592525
        },
        {
          "X": 4.272778,
          "Y": -1.56481481
        },
        {
          "X": 7.837778,
          "Y": -1.574074
        }
      ],
      "ColourThemeName": "Red"
    },
    {
      "Source": {
        "PinType": 1,
        "SubChipID": 0,
        "PinID": 1704834964
      },
      "Target": {
        "PinType": 3,
        "SubChipID": 92408111,
        "PinID": 537460252
      },
      "WirePoints": [
        {
          "X": -7.837778,
          "Y": -1.67592585
        },
        {
          "X": -4.61111164,
          "Y": -1.67592585
        },
        {
          "X": -4.35611153,
          "Y": -1.72222209
        }
      ],
      "ColourThemeName": "Red"
    },
    {
      "Source": {
        "PinType": 1,
        "SubChipID": 0,
        "PinID": 1211657445
      },
      "Target": {
        "PinType": 3,
        "SubChipID": 1818249026,
        "PinID": 537460252
      },
      "WirePoints": [
        {
          "X": -7.837778,
          "Y": -1.03703713
        },
        {
          "X": -2.740741,
          "Y": -1.03703713
        },
        {
          "X": -2.740741,
          "Y": -0.5740741
        },
        {
          "X": -2.23148155,
          "Y": -0.5740741
        },
        {
          "X": -2.041297,
          "Y": -0.5833334
        }
      ],
      "ColourThemeName": "Red"
    },
    {
      "Source": {
        "PinType": 1,
        "SubChipID": 0,
        "PinID": 462285012
      },
      "Target": {
        "PinType": 3,
        "SubChipID": 583172544,
        "PinID": 537460252
      },
      "WirePoints": [
        {
          "X": -7.837778,
          "Y": -0.32407403
        },
        {
          "X": -3.32407427,
          "Y": -0.32407403
        },
        {
          "X": -3.32407427,
          "Y": 0.60185194
        },
        {
          "X": 0.111111537,
          "Y": 0.60185194
        },
        {
          "X": 0.273517847,
          "Y": 0.648147464
        }
      ],
      "ColourThemeName": "Red"
    },
    {
      "Source": {
        "PinType": 1,
        "SubChipID": 0,
        "PinID": 1398978753
      },
      "Target": {
        "PinType": 3,
        "SubChipID": 1314599578,
        "PinID": 537460252
      },
      "WirePoints": [
        {
          "X": -7.837778,
          "Y": 0.361111164
        },
        {
          "X": -4.055556,
          "Y": 0.361111164
        },
        {
          "X": -4.055556,
          "Y": 1.68518543
        },
        {
          "X": 2.52777743,
          "Y": 1.68518543
        },
        {
          "X": 2.78277779,
          "Y": 1.67592525
        }
      ],
      "ColourThemeName": "Red"
    },
    {
      "Source": {
        "PinType": 1,
        "SubChipID": 0,
        "PinID": 1907398991
      },
      "Target": {
        "PinType": 3,
        "SubChipID": 92408111,
        "PinID": 1640831165
      },
      "WirePoints": [
        {
          "X": -7.837778,
          "Y": 1.60185158
        },
        {
          "X": -4.2962966,
          "Y": 1.60185158
        },
        {
          "X": -4.2962966,
          "Y": -1.22222209
        },
        {
          "X": -4.35611153,
          "Y": -1.48222208
        }
      ],
      "ColourThemeName": "Red"
    },
    {
      "Source": {
        "PinType": 1,
        "SubChipID": 0,
        "PinID": 1018301021
      },
      "Target": {
        "PinType": 3,
        "SubChipID": 1818249026,
        "PinID": 1640831165
      },
      "WirePoints": [
        {
          "X": -7.837778,
          "Y": 2.24074054
        },
        {
          "X": -2.05555558,
          "Y": 2.24074054
        },
        {
          "X": -2.05555558,
          "Y": -0.09259254
        },
        {
          "X": -2.05555558,
          "Y": -0.222222209
        },
        {
          "X": -2.041297,
          "Y": -0.343333364
        }
      ],
      "ColourThemeName": "Red"
    },
    {
      "Source": {
        "PinType": 1,
        "SubChipID": 0,
        "PinID": 748252244
      },
      "Target": {
        "PinType": 3,
        "SubChipID": 583172544,
        "PinID": 1640831165
      },
      "WirePoints": [
        {
          "X": -7.837778,
          "Y": 2.90740657
        },
        {
          "X": 0.2870369,
          "Y": 2.90740657
        },
        {
          "X": 0.2870369,
          "Y": 1.17592573
        },
        {
          "X": 0.2870369,
          "Y": 1.06481493
        },
        {
          "X": 0.273517847,
          "Y": 0.8881475
        }
      ],
      "ColourThemeName": "Red"
    },
    {
      "Source": {
        "PinType": 1,
        "SubChipID": 0,
        "PinID": 2012559747
      },
      "Target": {
        "PinType": 3,
        "SubChipID": 1314599578,
        "PinID": 1640831165
      },
      "WirePoints": [
        {
          "X": -7.837778,
          "Y": 3.59259224
        },
        {
          "X": 2.76851869,
          "Y": 3.59259224
        },
        {
          "X": 2.78277779,
          "Y": 1.91592526
        }
      ],
      "ColourThemeName": "Red"
    }
  ]
}