{
  "Name": "4-BIT-REGISTER",
  "Colour": "#A33B05",
  "InputPins": [
    {
      "Name": "Data 3",
      "ID": 1607936510,
      "PositionY": 2.37962961,
      "ColourThemeName": "Red"
    },
    {
      "Name": "Data 2",
      "ID": 353689886,
      "PositionY": 1.73148215,
      "ColourThemeName": "Red"
    },
    {
      "Name": "Data 1",
      "ID": 1059181532,
      "PositionY": 1.08333349,
      "ColourThemeName": "Red"
    },
    {
      "Name": "Data 0",
      "ID": 476937361,
      "PositionY": 0.379629731,
      "ColourThemeName": "Red"
    },
    {
      "Name": "Store",
      "ID": 2113433649,
      "PositionY": -1.84259272,
      "ColourThemeName": "Red"
    },
    {
      "Name": "Clock",
      "ID": 354428884,
      "PositionY": -2.53703737,
      "ColourThemeName": "Red"
    }
  ],
  "OutputPins": [
    {
      "Name": "Out",
      "ID": 1503243344,
      "PositionY": 1.37963,
      "ColourThemeName": "Red"
    },
    {
      "Name": "Out",
      "ID": 1982486095,
      "PositionY": 0.777777433,
      "ColourThemeName": "Red"
    },
    {
      "Name": "Out",
      "ID": 1672984930,
      "PositionY": 0.175926387,
      "ColourThemeName": "Red"
    },
    {
      "Name": "Out",
      "ID": 1946965073,
      "PositionY": -0.4537037,
      "ColourThemeName": "Red"
    }
  ],
  "SubChips": [
    {
      "Name": "1-BIT-REGISTER",
      "ID": 1348334623,
      "Points": [
        {
          "X": -0.1388889,
          "Y": 1.63083363
        }
      ],
      "Data": null
    },
    {
      "Name": "1-BIT-REGISTER",
      "ID": 247690800,
      "Points": [
        {
          "X": -0.1388889,
          "Y": 0.7658336
        }
      ],
      "Data": null
    },
    {
      "Name": "1-BIT-REGISTER",
      "ID": 1026744954,
      "Points": [
        {
          "X": -0.1388889,
          "Y": -0.09916639
        }
      ],
      "Data": null
    },
    {
      "Name": "1-BIT-REGISTER",
      "ID": 373910352,
      "Points": [
        {
          "X": -0.1388889,
          "Y": -0.9641664
        }
      ],
      "Data": null
    }
  ],
  "Connections": [
    {
      "Source": {
        "PinType": 1,
        "SubChipID": 0,
        "PinID": 1607936510
      },
      "Target": {
        "PinType": 3,
        "SubChipID": 1348334623,
        "PinID": 139098579
      },
      "WirePoints": [
        {
          "X": -7.837778,
          "Y": 2.37962961
        },
        {
          "X": -2.462963,
          "Y": 2.37962961
        },
        {
          "X": -2.462963,
          "Y": 1.83333337
        },
        {
          "X": -1.43388891,
          "Y": 1.87083364
        }
      ],
      "ColourThemeName": "Red"
    },
    {
      "Source": {
        "PinType": 1,
        "SubChipID": 0,
        "PinID": 353689886
      },
      "Target": {
        "PinType": 3,
        "SubChipID": 247690800,
        "PinID": 139098579
      },
      "WirePoints": [
        {
          "X": -7.837778,
          "Y": 1.73148215
        },
        {
          "X": -3.027778,
          "Y": 1.73148215
        },
        {
          "X": -3.027778,
          "Y": 0.9814817
        },
        {
          "X": -1.43388891,
          "Y": 1.00583363
        }
      ],
      "ColourThemeName": "Red"
    },
    {
      "Source": {
        "PinType": 1,
        "SubChipID": 0,
        "PinID": 1059181532
      },
      "Target": {
        "PinType": 3,
        "SubChipID": 1026744954,
        "PinID": 139098579
      },
      "WirePoints": [
        {
          "X": -7.837778,
          "Y": 1.08333349
        },
        {
          "X": -3.79629636,
          "Y": 1.08333349
        },
        {
          "X": -3.79629636,
          "Y": 0.120370388
        },
        {
          "X": -1.43388891,
          "Y": 0.140833616
        }
      ],
      "ColourThemeName": "Red"
    },
    {
      "Source": {
        "PinType": 1,
        "SubChipID": 0,
        "PinID": 476937361
      },
      "Target": {
        "PinType": 3,
        "SubChipID": 373910352,
        "PinID": 139098579
      },
      "WirePoints": [
        {
          "X": -7.837778,
          "Y": 0.379629731
        },
        {
          "X": -4.388889,
          "Y": 0.379629731
        },
        {
          "X": -4.388889,
          "Y": -0.7962963
        },
        {
          "X": -1.5462966,
          "Y": -0.7962963
        },
        {
          "X": -1.43388891,
          "Y": -0.7241664
        }
      ],
      "ColourThemeName": "Red"
    },
    {
      "Source": {
        "PinType": 1,
        "SubChipID": 0,
        "PinID": 2113433649
      },
      "Target": {
        "PinType": 3,
        "SubChipID": 1348334623,
        "PinID": 1480729539
      },
      "WirePoints": [
        {
          "X": -7.837778,
          "Y": -1.84259272
        },
        {
          "X": -1.94444454,
          "Y": -1.84259272
        },
        {
          "X": -1.94444454,
          "Y": 1.62962973
        },
        {
          "X": -1.43388891,
          "Y": 1.63083363
        }
      ],
      "ColourThemeName": "Red"
    },
    {
      "Source": {
        "PinType": 1,
        "SubChipID": 0,
        "PinID": 2113433649
      },
      "Target": {
        "PinType": 3,
        "SubChipID": 247690800,
        "PinID": 1480729539
      },
      "WirePoints": [
        {
          "X": -7.837778,
          "Y": -1.84259272
        },
        {
          "X": -1.94444454,
          "Y": -1.84259272
        },
        {
          "X": -1.94444454,
          "Y": 0.768518448
        },
        {
          "X": -1.43388891,
          "Y": 0.7658336
        }
      ],
      "ColourThemeName": "Red"
    },
    {
      "Source": {
        "PinType": 1,
        "SubChipID": 0,
        "PinID": 2113433649
      },
      "Target": {
        "PinType": 3,
        "SubChipID": 1026744954,
        "PinID": 1480729539
      },
      "WirePoints": [
        {
          "X": -7.837778,
          "Y": -1.84259272
        },
        {
          "X": -1.94444454,
          "Y": -1.84259272
        },
        {
          "X": -1.94444454,
          "Y": -0.0555557
        },
        {
          "X": -1.43388891,
          "Y": -0.09916639
        }
      ],
      "ColourThemeName": "Red"
    },
    {
      "Source": {
        "PinType": 1,
        "SubChipID": 0,
        "PinID": 2113433649
      },
      "Target": {
        "PinType": 3,
        "SubChipID": 373910352,
        "PinID": 1480729539
      },
      "WirePoints": [
        {
          "X": -7.837778,
          "Y": -1.84259272
        },
        {
          "X": -1.94444454,
          "Y": -1.84259272
        },
        {
          "X": -1.94444454,
          "Y": -0.8796295
        },
        {
          "X": -1.43388891,
          "Y": -0.9641664
        }
      ],
      "ColourThemeName": "Red"
    },
    {
      "Source": {
        "PinType": 1,
        "SubChipID": 0,
        "PinID": 354428884
      },
      "Target": {
        "PinType": 3,
        "SubChipID": 1348334623,
        "PinID": 143739097
      },
      "WirePoints": [
        {
          "X": -7.837778,
          "Y": -2.53703737
        },
        {
          "X": -2.47222233,
          "Y": -2.53703737
        },
        {
          "X": -2.47222233,
          "Y": 1.37037039
        },
        {
          "X": -1.43388891,
          "Y": 1.39083362
        }
      ],
      "ColourThemeName": "Red"
    },
    {
      "Source": {
        "PinType": 1,
        "SubChipID": 0,
        "PinID": 354428884
      },
      "Target": {
        "PinType": 3,
        "SubChipID": 247690800,
        "PinID": 143739097
      },
      "WirePoints": [
        {
          "X": -7.837778,
          "Y": -2.53703737
        },
        {
          "X": -2.47222233,
          "Y": -2.53703737
        },
        {
          "X": -2.47222233,
          "Y": 0.5185187
        },
        {
          "X": -1.43388891,
          "Y": 0.5258336
        }
      ],
      "ColourThemeName": "Red"
    },
    {
      "Source": {
        "PinType": 1,
        "SubChipID": 0,
        "PinID": 354428884
      },
      "Target": {
        "PinType": 3,
        "SubChipID": 1026744954,
        "PinID": 143739097
      },
      "WirePoints": [
        {
          "X": -7.837778,
          "Y": -2.53703737
        },
        {
          "X": -2.47222233,
          "Y": -2.53703737
        },
        {
          "X": -2.47222233,
          "Y": -0.305555344
        },
        {
          "X": -1.43388891,
          "Y": -0.3391664
        }
      ],
      "ColourThemeName": "Red"
    },
    {
      "Source": {
        "PinType": 1,
        "SubChipID": 0,
        "PinID": 354428884
      },
      "Target": {
        "PinType": 3,
        "SubChipID": 373910352,
        "PinID": 143739097
      },
      "WirePoints": [
        {
          "X": -7.837778,
          "Y": -2.53703737
        },
        {
          "X": -2.47222233,
          "Y": -2.53703737
        },
        {
          "X": -2.47222233,
          "Y": -1.21296287
        },
        {
          "X": -1.43388891,
          "Y": -1.20416641
        }
      ],
      "ColourThemeName": "Red"
    },
    {
      "Source": {
        "PinType": 4,
        "SubChipID": 1348334623,
        "PinID": 1000386792
      },
      "Target": {
        "PinType": 2,
        "SubChipID": 0,
        "PinID": 1503243344
      },
      "WirePoints": [
        {
          "X": 1.156111,
          "Y": 1.63083363
        },
        {
          "X": 7.25,
          "Y": 1.63083363
        },
        {
          "X": 7.25,
          "Y": 1.35185182
        },
        {
          "X": 7.837778,
          "Y": 1.37963
        }
      ],
      "ColourThemeName": "Red"
    },
    {
      "Source": {
        "PinType": 4,
        "SubChipID": 247690800,
        "PinID": 1000386792
      },
      "Target": {
        "PinType": 2,
        "SubChipID": 0,
        "PinID": 1982486095
      },
      "WirePoints": [
        {
          "X": 1.156111,
          "Y": 0.7658336
        },
        {
          "X": 7.837778,
          "Y": 0.777777433
        }
      ],
      "ColourThemeName": "Red"
    },
    {
      "Source": {
        "PinType": 4,
        "SubChipID": 1026744954,
        "PinID": 1000386792
      },
      "Target": {
        "PinType": 2,
        "SubChipID": 0,
        "PinID": 1672984930
      },
      "WirePoints": [
        {
          "X": 1.156111,
          "Y": -0.09916639
        },
        {
          "X": 7.398149,
          "Y": -0.09916639
        },
        {
          "X": 7.398149,
          "Y": 0.222222209
        },
        {
          "X": 7.837778,
          "Y": 0.175926387
        }
      ],
      "ColourThemeName": "Red"
    },
    {
      "Source": {
        "PinType": 4,
        "SubChipID": 373910352,
        "PinID": 1000386792
      },
      "Target": {
        "PinType": 2,
        "SubChipID": 0,
        "PinID": 1946965073
      },
      "WirePoints": [
        {
          "X": 1.156111,
          "Y": -0.9641664
        },
        {
          "X": 7.601852,
          "Y": -0.9641664
        },
        {
          "X": 7.601852,
          "Y": -0.398148
        },
        {
          "X": 7.837778,
          "Y": -0.4537037
        }
      ],
      "ColourThemeName": "Red"
    }
  ]
}