{
  "Name": "7-SEGMENT-DRIVER",
  "Colour": "#5B2A4E",
  "InputPins": [
    {
      "Name": "Pin",
      "ID": 48574561,
      "PositionY": 1.5370369,
      "ColourThemeName": "Red"
    },
    {
      "Name": "Pin",
      "ID": 2002942993,
      "PositionY": 0.6851852,
      "ColourThemeName": "Red"
    },
    {
      "Name": "Pin",
      "ID": 1049612556,
      "PositionY": -0.0462964177,
      "ColourThemeName": "Red"
    },
    {
      "Name": "Pin",
      "ID": 911529121,
      "PositionY": -0.8055556,
      "ColourThemeName": "Red"
    }
  ],
  "OutputPins": [
    {
      "Name": "Pin",
      "ID": 831608259,
      "PositionY": 2.24074125,
      "ColourThemeName": "Red"
    },
    {
      "Name": "Pin",
      "ID": 302844755,
      "PositionY": 1.47222281,
      "ColourThemeName": "Red"
    },
    {
      "Name": "Pin",
      "ID": 1579839486,
      "PositionY": 0.8055556,
      "ColourThemeName": "Red"
    },
    {
      "Name": "Pin",
      "ID": 2089313226,
      "PositionY": 0.157407522,
      "ColourThemeName": "Red"
    },
    {
      "Name": "Pin",
      "ID": 1284481807,
      "PositionY": -0.444444716,
      "ColourThemeName": "Red"
    },
    {
      "Name": "Pin",
      "ID": 2031816160,
      "PositionY": -1.13888884,
      "ColourThemeName": "Red"
    },
    {
      "Name": "Pin",
      "ID": 1769263998,
      "PositionY": -1.84259272,
      "ColourThemeName": "Red"
    }
  ],
  "SubChips": [
    {
      "Name": "NOT",
      "ID": 1265660336,
      "Points": [
        {
          "X": -5.43518543,
          "Y": -0.04629612
        }
      ],
      "Data": null
    },
    {
      "Name": "XOR",
      "ID": 1611344158,
      "Points": [
        {
          "X": -5.453705,
          "Y": 1.42592609
        }
      ],
      "Data": null
    },
    {
      "Name": "XOR",
      "ID": 841571150,
      "Points": [
        {
          "X": -0.5648147,
          "Y": 2.70138836
        }
      ],
      "Data": null
    },
    {
      "Name": "XOR",
      "ID": 405730303,
      "Points": [
        {
          "X": -0.398148954,
          "Y": -1.6180557
        }
      ],
      "Data": null
    },
    {
      "Name": "NAND",
      "ID": 851824363,
      "Points": [
        {
          "X": -3.13888884,
          "Y": 0.20370394
        }
      ],
      "Data": null
    },
    {
      "Name": "OR",
      "ID": 1740841699,
      "Points": [
        {
          "X": -0.361110955,
          "Y": -2.58333325
        }
      ],
      "Data": null
    },
    {
      "Name": "OR",
      "ID": 2042704702,
      "Points": [
        {
          "X": 1.44444478,
          "Y": -0.907407343
        }
      ],
      "Data": null
    },
    {
      "Name": "OR",
      "ID": 2103572815,
      "Points": [
        {
          "X": 1.40740728,
          "Y": 1.9907409
        }
      ],
      "Data": null
    },
    {
      "Name": "OR",
      "ID": 1271671146,
      "Points": [
        {
          "X": 1.40740728,
          "Y": 3.51851821
        }
      ],
      "Data": null
    },
    {
      "Name": "NAND",
      "ID": 1145190894,
      "Points": [
        {
          "X": 3.444445,
          "Y": 2.81481528
        }
      ],
      "Data": null
    },
    {
      "Name": "OR",
      "ID": 428638313,
      "Points": [
        {
          "X": 3.453704,
          "Y": 1.89814806
        }
      ],
      "Data": null
    },
    {
      "Name": "AND",
      "ID": 743070845,
      "Points": [
        {
          "X": 3.46296334,
          "Y": 0.93749994
        }
      ],
      "Data": null
    },
    {
      "Name": "AND",
      "ID": 1685941155,
      "Points": [
        {
          "X": 3.46296334,
          "Y": 0.173611045
        }
      ],
      "Data": null
    },
    {
      "Name": "AND",
      "ID": 818364199,
      "Points": [
        {
          "X": 3.46296334,
          "Y": -0.701389
        }
      ],
      "Data": null
    },
    {
      "Name": "AND",
      "ID": 356858260,
      "Points": [
        {
          "X": 3.44444537,
          "Y": -1.68750024
        }
      ],
      "Data": null
    }
  ],
  "Connections": [
    {
      "Source": {
        "PinType": 1,
        "SubChipID": 0,
        "PinID": 48574561
      },
      "Target": {
        "PinType": 3,
        "SubChipID": 1611344158,
        "PinID": 1790106757
      },
      "WirePoints": [
        {
          "X": -7.837778,
          "Y": 1.5370369
        },
        {
          "X": -6.003705,
          "Y": 1.54592609
        }
      ],
      "ColourThemeName": "Red"
    },
    {
      "Source": {
        "PinType": 1,
        "SubChipID": 0,
        "PinID": 1049612556
      },
      "Target": {
        "PinType": 3,
        "SubChipID": 1265660336,
        "PinID": 0
      },
      "WirePoints": [
        {
          "X": -7.837778,
          "Y": -0.0462964177
        },
        {
          "X": -5.98518562,
          "Y": -0.04629612
        }
      ],
      "ColourThemeName": "Red"
    },
    {
      "Source": {
        "PinType": 1,
        "SubChipID": 0,
        "PinID": 1049612556
      },
      "Target": {
        "PinType": 3,
        "SubChipID": 1611344158,
        "PinID": 372054391
      },
      "WirePoints": [
        {
          "X": -7.837778,
          "Y": -0.0462964177
        },
        {
          "X": -6.555556,
          "Y": -0.0462962128
        },
        {
          "X": -6.555556,
          "Y": 1.33333325
        },
        {
          "X": -6.003705,
          "Y": 1.30592608
        }
      ],
      "ColourThemeName": "Red"
    },
    {
      "Source": {
        "PinType": 4,
        "SubChipID": 1611344158,
        "PinID": 941371597
      },
      "Target": {
        "PinType": 3,
        "SubChipID": 1271671146,
        "PinID": 943289771
      },
      "WirePoints": [
        {
          "X": -4.90370464,
          "Y": 1.42592609
        },
        {
          "X": -3.47222233,
          "Y": 1.42592609
        },
        {
          "X": -3.47222233,
          "Y": 3.6388886
        },
        {
          "X": 0.9574073,
          "Y": 3.638518
        }
      ],
      "ColourThemeName": "Red"
    },
    {
      "Source": {
        "PinType": 4,
        "SubChipID": 1611344158,
        "PinID": 941371597
      },
      "Target": {
        "PinType": 3,
        "SubChipID": 1740841699,
        "PinID": 176070845
      },
      "WirePoints": [
        {
          "X": -4.90370464,
          "Y": 1.42592609
        },
        {
          "X": -4.33333349,
          "Y": 1.42592609
        },
        {
          "X": -4.33333349,
          "Y": -2.71296287
        },
        {
          "X": -0.811111,
          "Y": -2.70333314
        }
      ],
      "ColourThemeName": "Red"
    },
    {
      "Source": {
        "PinType": 4,
        "SubChipID": 1611344158,
        "PinID": 941371597
      },
      "Target": {
        "PinType": 3,
        "SubChipID": 405730303,
        "PinID": 372054391
      },
      "WirePoints": [
        {
          "X": -4.90370464,
          "Y": 1.42592609
        },
        {
          "X": -4.33333349,
          "Y": 1.42592609
        },
        {
          "X": -4.33333349,
          "Y": -1.75000012
        },
        {
          "X": -0.948148966,
          "Y": -1.73805571
        }
      ],
      "ColourThemeName": "Red"
    },
    {
      "Source": {
        "PinType": 4,
        "SubChipID": 1265660336,
        "PinID": 1
      },
      "Target": {
        "PinType": 3,
        "SubChipID": 851824363,
        "PinID": 1952353168
      },
      "WirePoints": [
        {
          "X": -4.88518524,
          "Y": -0.04629612
        },
        {
          "X": -4.58333349,
          "Y": -0.0185185671
        },
        {
          "X": -4.58333349,
          "Y": 0.08370394
        },
        {
          "X": -3.78388882,
          "Y": 0.08370394
        }
      ],
      "ColourThemeName": "Red"
    },
    {
      "Source": {
        "PinType": 4,
        "SubChipID": 1265660336,
        "PinID": 1
      },
      "Target": {
        "PinType": 3,
        "SubChipID": 2103572815,
        "PinID": 176070845
      },
      "WirePoints": [
        {
          "X": -4.88518524,
          "Y": -0.04629612
        },
        {
          "X": -4.58333349,
          "Y": -0.0185185671
        },
        {
          "X": -4.58333349,
          "Y": 0.08370394
        },
        {
          "X": -4.055556,
          "Y": 0.08370394
        },
        {
          "X": -4.101852,
          "Y": -0.7314816
        },
        {
          "X": -0.361110926,
          "Y": -0.7314816
        },
        {
          "X": -0.361110926,
          "Y": 1.87074089
        },
        {
          "X": 0.9574073,
          "Y": 1.87074089
        }
      ],
      "ColourThemeName": "Red"
    },
    {
      "Source": {
        "PinType": 1,
        "SubChipID": 0,
        "PinID": 2002942993
      },
      "Target": {
        "PinType": 3,
        "SubChipID": 2103572815,
        "PinID": 943289771
      },
      "WirePoints": [
        {
          "X": -7.837778,
          "Y": 0.6851852
        },
        {
          "X": -1.35185194,
          "Y": 0.6851852
        },
        {
          "X": -1.35185194,
          "Y": 2.1018517
        },
        {
          "X": 0.9574073,
          "Y": 2.110741
        }
      ],
      "ColourThemeName": "Red"
    },
    {
      "Source": {
        "PinType": 1,
        "SubChipID": 0,
        "PinID": 2002942993
      },
      "Target": {
        "PinType": 3,
        "SubChipID": 1145190894,
        "PinID": 1952353168
      },
      "WirePoints": [
        {
          "X": -7.837778,
          "Y": 0.6851852
        },
        {
          "X": -1.35185194,
          "Y": 0.6851852
        },
        {
          "X": -1.35185194,
          "Y": 2.1018517
        },
        {
          "X": 0.5739025,
          "Y": 2.10926461
        },
        {
          "X": 0.5739026,
          "Y": 2.685185
        },
        {
          "X": 2.799445,
          "Y": 2.6948154
        }
      ],
      "ColourThemeName": "Red"
    },
    {
      "Source": {
        "PinType": 1,
        "SubChipID": 0,
        "PinID": 2002942993
      },
      "Target": {
        "PinType": 3,
        "SubChipID": 405730303,
        "PinID": 1790106757
      },
      "WirePoints": [
        {
          "X": -7.837778,
          "Y": 0.6851852
        },
        {
          "X": -1.43839884,
          "Y": 0.6851852
        },
        {
          "X": -1.438399,
          "Y": -1.49074078
        },
        {
          "X": -0.948148966,
          "Y": -1.4980557
        }
      ],
      "ColourThemeName": "Red"
    },
    {
      "Source": {
        "PinType": 1,
        "SubChipID": 0,
        "PinID": 2002942993
      },
      "Target": {
        "PinType": 3,
        "SubChipID": 1740841699,
        "PinID": 943289771
      },
      "WirePoints": [
        {
          "X": -7.837778,
          "Y": 0.6851852
        },
        {
          "X": -1.43839884,
          "Y": 0.6851852
        },
        {
          "X": -1.438399,
          "Y": -1.2680794
        },
        {
          "X": -1.43682349,
          "Y": -2.46296287
        },
        {
          "X": -0.811111,
          "Y": -2.46333337
        }
      ],
      "ColourThemeName": "Red"
    },
    {
      "Source": {
        "PinType": 1,
        "SubChipID": 0,
        "PinID": 2002942993
      },
      "Target": {
        "PinType": 3,
        "SubChipID": 851824363,
        "PinID": 2061893510
      },
      "WirePoints": [
        {
          "X": -7.837778,
          "Y": 0.6851852
        },
        {
          "X": -4.15740776,
          "Y": 0.6851852
        },
        {
          "X": -4.15740776,
          "Y": 0.3333336
        },
        {
          "X": -3.78388882,
          "Y": 0.323703945
        }
      ],
      "ColourThemeName": "Red"
    },
    {
      "Source": {
        "PinType": 4,
        "SubChipID": 851824363,
        "PinID": 147111919
      },
      "Target": {
        "PinType": 3,
        "SubChipID": 1685941155,
        "PinID": 1
      },
      "WirePoints": [
        {
          "X": -2.49388885,
          "Y": 0.20370394
        },
        {
          "X": 2.30555534,
          "Y": 0.20370394
        },
        {
          "X": 2.30555534,
          "Y": 0.0370371342
        },
        {
          "X": 2.91296339,
          "Y": 0.0536110476
        }
      ],
      "ColourThemeName": "Red"
    },
    {
      "Source": {
        "PinType": 4,
        "SubChipID": 851824363,
        "PinID": 147111919
      },
      "Target": {
        "PinType": 3,
        "SubChipID": 841571150,
        "PinID": 1790106757
      },
      "WirePoints": [
        {
          "X": -2.49388885,
          "Y": 0.20370394
        },
        {
          "X": -1.73148179,
          "Y": 0.20370394
        },
        {
          "X": -1.73148179,
          "Y": 2.85185146
        },
        {
          "X": -1.11481476,
          "Y": 2.82138824
        }
      ],
      "ColourThemeName": "Red"
    },
    {
      "Source": {
        "PinType": 1,
        "SubChipID": 0,
        "PinID": 911529121
      },
      "Target": {
        "PinType": 3,
        "SubChipID": 841571150,
        "PinID": 372054391
      },
      "WirePoints": [
        {
          "X": -7.837778,
          "Y": -0.8055556
        },
        {
          "X": -2.02777767,
          "Y": -0.8055556
        },
        {
          "X": -2.02777767,
          "Y": 2.58333325
        },
        {
          "X": -1.11481476,
          "Y": 2.58138847
        }
      ],
      "ColourThemeName": "Red"
    },
    {
      "Source": {
        "PinType": 1,
        "SubChipID": 0,
        "PinID": 911529121
      },
      "Target": {
        "PinType": 3,
        "SubChipID": 428638313,
        "PinID": 176070845
      },
      "WirePoints": [
        {
          "X": -7.837778,
          "Y": -0.8055556
        },
        {
          "X": -2.02777767,
          "Y": -0.8055556
        },
        {
          "X": -2.02777767,
          "Y": 1.37962914
        },
        {
          "X": 2.490741,
          "Y": 1.37962937
        },
        {
          "X": 2.490741,
          "Y": 1.77777767
        },
        {
          "X": 3.003704,
          "Y": 1.778148
        }
      ],
      "ColourThemeName": "Red"
    },
    {
      "Source": {
        "PinType": 4,
        "SubChipID": 2103572815,
        "PinID": 502664682
      },
      "Target": {
        "PinType": 3,
        "SubChipID": 428638313,
        "PinID": 943289771
      },
      "WirePoints": [
        {
          "X": 1.85740733,
          "Y": 1.9907409
        },
        {
          "X": 3.003704,
          "Y": 2.018148
        }
      ],
      "ColourThemeName": "Red"
    },
    {
      "Source": {
        "PinType": 4,
        "SubChipID": 2103572815,
        "PinID": 502664682
      },
      "Target": {
        "PinType": 3,
        "SubChipID": 818364199,
        "PinID": 0
      },
      "WirePoints": [
        {
          "X": 1.85740733,
          "Y": 1.9907409
        },
        {
          "X": 2.27798057,
          "Y": 2.00079656
        },
        {
          "X": 2.27798057,
          "Y": -0.6111112
        },
        {
          "X": 2.91296339,
          "Y": -0.581389
        }
      ],
      "ColourThemeName": "Red"
    },
    {
      "Source": {
        "PinType": 4,
        "SubChipID": 841571150,
        "PinID": 941371597
      },
      "Target": {
        "PinType": 3,
        "SubChipID": 1145190894,
        "PinID": 2061893510
      },
      "WirePoints": [
        {
          "X": -0.0148146749,
          "Y": 2.70138836
        },
        {
          "X": 0.2870369,
          "Y": 2.70138836
        },
        {
          "X": 0.2870369,
          "Y": 2.962963
        },
        {
          "X": 2.799445,
          "Y": 2.93481517
        }
      ],
      "ColourThemeName": "Red"
    },
    {
      "Source": {
        "PinType": 4,
        "SubChipID": 841571150,
        "PinID": 941371597
      },
      "Target": {
        "PinType": 3,
        "SubChipID": 1271671146,
        "PinID": 176070845
      },
      "WirePoints": [
        {
          "X": -0.0148146749,
          "Y": 2.70138836
        },
        {
          "X": 0.2870369,
          "Y": 2.70138836
        },
        {
          "X": 0.2870369,
          "Y": 2.962963
        },
        {
          "X": 0.7676283,
          "Y": 2.95757866
        },
        {
          "X": 0.7676283,
          "Y": 3.41666651
        },
        {
          "X": 0.9574073,
          "Y": 3.39851832
        }
      ],
      "ColourThemeName": "Red"
    },
    {
      "Source": {
        "PinType": 4,
        "SubChipID": 841571150,
        "PinID": 941371597
      },
      "Target": {
        "PinType": 3,
        "SubChipID": 2042704702,
        "PinID": 943289771
      },
      "WirePoints": [
        {
          "X": -0.0148146749,
          "Y": 2.70138836
        },
        {
          "X": 0.2870369,
          "Y": 2.70138836
        },
        {
          "X": 0.2870369,
          "Y": 2.962963
        },
        {
          "X": 0.438611656,
          "Y": 2.96126485
        },
        {
          "X": 0.438539624,
          "Y": -0.8055556
        },
        {
          "X": 0.9944448,
          "Y": -0.787407339
        }
      ],
      "ColourThemeName": "Red"
    },
    {
      "Source": {
        "PinType": 4,
        "SubChipID": 841571150,
        "PinID": 941371597
      },
      "Target": {
        "PinType": 3,
        "SubChipID": 1685941155,
        "PinID": 0
      },
      "WirePoints": [
        {
          "X": -0.0148146749,
          "Y": 2.70138836
        },
        {
          "X": 0.2870369,
          "Y": 2.70138836
        },
        {
          "X": 0.2870369,
          "Y": 2.962963
        },
        {
          "X": 0.438611656,
          "Y": 2.96126485
        },
        {
          "X": 0.438561231,
          "Y": 0.3240738
        },
        {
          "X": 2.91296339,
          "Y": 0.29361105
        }
      ],
      "ColourThemeName": "Red"
    },
    {
      "Source": {
        "PinType": 4,
        "SubChipID": 405730303,
        "PinID": 941371597
      },
      "Target": {
        "PinType": 3,
        "SubChipID": 2042704702,
        "PinID": 176070845
      },
      "WirePoints": [
        {
          "X": 0.151851058,
          "Y": -1.6180557
        },
        {
          "X": 0.481481582,
          "Y": -1.6180557
        },
        {
          "X": 0.481481582,
          "Y": -0.99999994
        },
        {
          "X": 0.9944448,
          "Y": -1.02740729
        }
      ],
      "ColourThemeName": "Red"
    },
    {
      "Source": {
        "PinType": 4,
        "SubChipID": 1740841699,
        "PinID": 502664682
      },
      "Target": {
        "PinType": 3,
        "SubChipID": 356858260,
        "PinID": 1
      },
      "WirePoints": [
        {
          "X": 0.08888903,
          "Y": -2.58333325
        },
        {
          "X": 2.32407379,
          "Y": -2.58333325
        },
        {
          "X": 2.32407379,
          "Y": -1.77777767
        },
        {
          "X": 2.89444542,
          "Y": -1.80750024
        }
      ],
      "ColourThemeName": "Red"
    },
    {
      "Source": {
        "PinType": 4,
        "SubChipID": 2042704702,
        "PinID": 502664682
      },
      "Target": {
        "PinType": 3,
        "SubChipID": 818364199,
        "PinID": 1
      },
      "WirePoints": [
        {
          "X": 1.8944447,
          "Y": -0.907407343
        },
        {
          "X": 2.7407403,
          "Y": -0.907407343
        },
        {
          "X": 2.91296339,
          "Y": -0.821389
        }
      ],
      "ColourThemeName": "Red"
    },
    {
      "Source": {
        "PinType": 4,
        "SubChipID": 2042704702,
        "PinID": 502664682
      },
      "Target": {
        "PinType": 3,
        "SubChipID": 356858260,
        "PinID": 0
      },
      "WirePoints": [
        {
          "X": 1.8944447,
          "Y": -0.907407343
        },
        {
          "X": 2.46296263,
          "Y": -0.907407343
        },
        {
          "X": 2.46296263,
          "Y": -1.5925926
        },
        {
          "X": 2.89444542,
          "Y": -1.56750023
        }
      ],
      "ColourThemeName": "Red"
    },
    {
      "Source": {
        "PinType": 4,
        "SubChipID": 2042704702,
        "PinID": 502664682
      },
      "Target": {
        "PinType": 3,
        "SubChipID": 743070845,
        "PinID": 1
      },
      "WirePoints": [
        {
          "X": 1.8944447,
          "Y": -0.907407343
        },
        {
          "X": 2.57581258,
          "Y": -0.907407343
        },
        {
          "X": 2.57581258,
          "Y": 0.824074149
        },
        {
          "X": 2.91296339,
          "Y": 0.817499936
        }
      ],
      "ColourThemeName": "Red"
    },
    {
      "Source": {
        "PinType": 4,
        "SubChipID": 1271671146,
        "PinID": 502664682
      },
      "Target": {
        "PinType": 3,
        "SubChipID": 743070845,
        "PinID": 0
      },
      "WirePoints": [
        {
          "X": 1.85740733,
          "Y": 3.51851821
        },
        {
          "X": 2.48148179,
          "Y": 3.51851821
        },
        {
          "X": 2.48148179,
          "Y": 1.03703678
        },
        {
          "X": 2.91296339,
          "Y": 1.05749989
        }
      ],
      "ColourThemeName": "Red"
    },
    {
      "Source": {
        "PinType": 4,
        "SubChipID": 1271671146,
        "PinID": 502664682
      },
      "Target": {
        "PinType": 2,
        "SubChipID": 0,
        "PinID": 831608259
      },
      "WirePoints": [
        {
          "X": 1.85740733,
          "Y": 3.51851821
        },
        {
          "X": 2.212963,
          "Y": 3.51851821
        },
        {
          "X": 7.0092597,
          "Y": 3.51851821
        },
        {
          "X": 7.0092597,
          "Y": 2.23148155
        },
        {
          "X": 7.837778,
          "Y": 2.24074125
        }
      ],
      "ColourThemeName": "Red"
    },
    {
      "Source": {
        "PinType": 4,
        "SubChipID": 1145190894,
        "PinID": 147111919
      },
      "Target": {
        "PinType": 2,
        "SubChipID": 0,
        "PinID": 302844755
      },
      "WirePoints": [
        {
          "X": 4.089445,
          "Y": 2.81481528
        },
        {
          "X": 6.731482,
          "Y": 2.81481528
        },
        {
          "X": 6.731482,
          "Y": 1.49999976
        },
        {
          "X": 7.837778,
          "Y": 1.47222281
        }
      ],
      "ColourThemeName": "Red"
    },
    {
      "Source": {
        "PinType": 4,
        "SubChipID": 428638313,
        "PinID": 502664682
      },
      "Target": {
        "PinType": 2,
        "SubChipID": 0,
        "PinID": 1579839486
      },
      "WirePoints": [
        {
          "X": 3.90370417,
          "Y": 1.89814806
        },
        {
          "X": 6.444445,
          "Y": 1.89814806
        },
        {
          "X": 6.444445,
          "Y": 0.8055556
        },
        {
          "X": 7.837778,
          "Y": 0.8055556
        }
      ],
      "ColourThemeName": "Red"
    },
    {
      "Source": {
        "PinType": 4,
        "SubChipID": 743070845,
        "PinID": 2
      },
      "Target": {
        "PinType": 2,
        "SubChipID": 0,
        "PinID": 2089313226
      },
      "WirePoints": [
        {
          "X": 4.01296329,
          "Y": 0.93749994
        },
        {
          "X": 6.19444466,
          "Y": 0.93749994
        },
        {
          "X": 6.19444466,
          "Y": 0.157407522
        },
        {
          "X": 7.837778,
          "Y": 0.157407522
        }
      ],
      "ColourThemeName": "Red"
    },
    {
      "Source": {
        "PinType": 4,
        "SubChipID": 1685941155,
        "PinID": 2
      },
      "Target": {
        "PinType": 2,
        "SubChipID": 0,
        "PinID": 1284481807
      },
      "WirePoints": [
        {
          "X": 4.01296329,
          "Y": 0.173611045
        },
        {
          "X": 5.8055563,
          "Y": 0.173611045
        },
        {
          "X": 5.8055563,
          "Y": -0.4537037
        },
        {
          "X": 7.837778,
          "Y": -0.444444716
        }
      ],
      "ColourThemeName": "Red"
    },
    {
      "Source": {
        "PinType": 4,
        "SubChipID": 818364199,
        "PinID": 2
      },
      "Target": {
        "PinType": 2,
        "SubChipID": 0,
        "PinID": 2031816160
      },
      "WirePoints": [
        {
          "X": 4.01296329,
          "Y": -0.701389
        },
        {
          "X": 5.703704,
          "Y": -0.701389
        },
        {
          "X": 5.703704,
          "Y": -1.21296287
        },
        {
          "X": 7.837778,
          "Y": -1.13888884
        }
      ],
      "ColourThemeName": "Red"
    },
    {
      "Source": {
        "PinType": 4,
        "SubChipID": 356858260,
        "PinID": 2
      },
      "Target": {
        "PinType": 2,
        "SubChipID": 0,
        "PinID": 1769263998
      },
      "WirePoints": [
        {
          "X": 3.99444532,
          "Y": -1.68750024
        },
        {
          "X": 7.35185242,
          "Y": -1.68750024
        },
        {
          "X": 7.35185242,
          "Y": -1.87037051
        },
        {
          "X": 7.837778,
          "Y": -1.84259272
        }
      ],
      "ColourThemeName": "Red"
    }
  ]
}