{
  "Name": "ADDER",
  "Colour": "#268230",
  "InputPins": [
    {
      "Name": "In A",
      "ID": 1640831165,
      "PositionY": 0.07407427,
      "ColourThemeName": "Red"
    },
    {
      "Name": "In B",
      "ID": 537460252,
      "PositionY": -0.657407343,
      "ColourThemeName": "Red"
    },
    {
      "Name": "In Carry",
      "ID": 614332048,
      "PositionY": -1.41666675,
      "ColourThemeName": "Red"
    }
  ],
  "OutputPins": [
    {
      "Name": "SUM",
      "ID": 1414980529,
      "PositionY": 0.314815044,
      "ColourThemeName": "Red"
    },
    {
      "Name": "CARRY",
      "ID": 1222620049,
      "PositionY": -0.796296,
      "ColourThemeName": "Red"
    }
  ],
  "SubChips": [
    {
      "Name": "XOR",
      "ID": 1728910714,
      "Points": [
        {
          "X": -2.490741,
          "Y": 1.78703725
        }
      ],
      "Data": null
    },
    {
      "Name": "AND",
      "ID": 1278236883,
      "Points": [
        {
          "X": -0.7129633,
          "Y": -0.5185184
        }
      ],
      "Data": null
    },
    {
      "Name": "XOR",
      "ID": 384587184,
      "Points": [
        {
          "X": 1.47222209,
          "Y": 1.66666627
        }
      ],
      "Data": null
    },
    {
      "Name": "AND",
      "ID": 188518048,
      "Points": [
        {
          "X": 2.57407379,
          "Y": 0.2777784
        }
      ],
      "Data": null
    },
    {
      "Name": "OR",
      "ID": 646383661,
      "Points": [
        {
          "X": 6.222222,
          "Y": -0.7962966
        }
      ],
      "Data": null
    }
  ],
  "Connections": [
    {
      "Source": {
        "PinType": 1,
        "SubChipID": 0,
        "PinID": 1640831165
      },
      "Target": {
        "PinType": 3,
        "SubChipID": 1728910714,
        "PinID": 1790106757
      },
      "WirePoints": [
        {
          "X": -7.837778,
          "Y": 0.07407427
        },
        {
          "X": -3.87962985,
          "Y": 0.07407427
        },
        {
          "X": -3.87962985,
          "Y": 1.92592621
        },
        {
          "X": -3.040741,
          "Y": 1.90703726
        }
      ],
      "ColourThemeName": "Red"
    },
    {
      "Source": {
        "PinType": 1,
        "SubChipID": 0,
        "PinID": 537460252
      },
      "Target": {
        "PinType": 3,
        "SubChipID": 1728910714,
        "PinID": 372054391
      },
      "WirePoints": [
        {
          "X": -7.837778,
          "Y": -0.657407343
        },
        {
          "X": -3.30555558,
          "Y": -0.657407343
        },
        {
          "X": -3.30555558,
          "Y": 1.69444442
        },
        {
          "X": -3.040741,
          "Y": 1.66703725
        }
      ],
      "ColourThemeName": "Red"
    },
    {
      "Source": {
        "PinType": 1,
        "SubChipID": 0,
        "PinID": 1640831165
      },
      "Target": {
        "PinType": 3,
        "SubChipID": 1278236883,
        "PinID": 0
      },
      "WirePoints": [
        {
          "X": -7.837778,
          "Y": 0.07407427
        },
        {
          "X": -1.25,
          "Y": 0.07407427
        },
        {
          "X": -1.26296329,
          "Y": -0.398518384
        }
      ],
      "ColourThemeName": "Red"
    },
    {
      "Source": {
        "PinType": 1,
        "SubChipID": 0,
        "PinID": 537460252
      },
      "Target": {
        "PinType": 3,
        "SubChipID": 1278236883,
        "PinID": 1
      },
      "WirePoints": [
        {
          "X": -7.837778,
          "Y": -0.657407343
        },
        {
          "X": -1.26296329,
          "Y": -0.6385184
        }
      ],
      "ColourThemeName": "Red"
    },
    {
      "Source": {
        "PinType": 1,
        "SubChipID": 0,
        "PinID": 614332048
      },
      "Target": {
        "PinType": 3,
        "SubChipID": 384587184,
        "PinID": 372054391
      },
      "WirePoints": [
        {
          "X": -7.837778,
          "Y": -1.41666675
        },
        {
          "X": -1.87037051,
          "Y": -1.41666675
        },
        {
          "X": -1.87037051,
          "Y": 0.944444537
        },
        {
          "X": 0.9259256,
          "Y": 0.944444537
        },
        {
          "X": 0.9222221,
          "Y": 1.54666626
        }
      ],
      "ColourThemeName": "Red"
    },
    {
      "Source": {
        "PinType": 4,
        "SubChipID": 1728910714,
        "PinID": 941371597
      },
      "Target": {
        "PinType": 3,
        "SubChipID": 384587184,
        "PinID": 1790106757
      },
      "WirePoints": [
        {
          "X": -1.94074106,
          "Y": 1.78703725
        },
        {
          "X": 0.9222221,
          "Y": 1.78666627
        }
      ],
      "ColourThemeName": "Red"
    },
    {
      "Source": {
        "PinType": 4,
        "SubChipID": 384587184,
        "PinID": 941371597
      },
      "Target": {
        "PinType": 2,
        "SubChipID": 0,
        "PinID": 1414980529
      },
      "WirePoints": [
        {
          "X": 2.022222,
          "Y": 1.66666627
        },
        {
          "X": 7.851852,
          "Y": 1.66666627
        },
        {
          "X": 7.837778,
          "Y": 0.314815044
        }
      ],
      "ColourThemeName": "Red"
    },
    {
      "Source": {
        "PinType": 4,
        "SubChipID": 1728910714,
        "PinID": 941371597
      },
      "Target": {
        "PinType": 3,
        "SubChipID": 188518048,
        "PinID": 0
      },
      "WirePoints": [
        {
          "X": -1.94074106,
          "Y": 1.78703725
        },
        {
          "X": -0.7314826,
          "Y": 1.78688061
        },
        {
          "X": -0.750000238,
          "Y": 0.3977784
        },
        {
          "X": 2.02407384,
          "Y": 0.3977784
        }
      ],
      "ColourThemeName": "Red"
    },
    {
      "Source": {
        "PinType": 1,
        "SubChipID": 0,
        "PinID": 614332048
      },
      "Target": {
        "PinType": 3,
        "SubChipID": 188518048,
        "PinID": 1
      },
      "WirePoints": [
        {
          "X": -7.837778,
          "Y": -1.41666675
        },
        {
          "X": -1.87037051,
          "Y": -1.41666675
        },
        {
          "X": -1.87037051,
          "Y": 0.944444537
        },
        {
          "X": -1.11111116,
          "Y": 0.944444537
        },
        {
          "X": -1.101852,
          "Y": 0.157778382
        },
        {
          "X": 2.02407384,
          "Y": 0.157778382
        }
      ],
      "ColourThemeName": "Red"
    },
    {
      "Source": {
        "PinType": 4,
        "SubChipID": 646383661,
        "PinID": 502664682
      },
      "Target": {
        "PinType": 2,
        "SubChipID": 0,
        "PinID": 1222620049
      },
      "WirePoints": [
        {
          "X": 6.67222166,
          "Y": -0.7962966
        },
        {
          "X": 7.837778,
          "Y": -0.796296
        }
      ],
      "ColourThemeName": "Red"
    },
    {
      "Source": {
        "PinType": 4,
        "SubChipID": 188518048,
        "PinID": 2
      },
      "Target": {
        "PinType": 3,
        "SubChipID": 646383661,
        "PinID": 943289771
      },
      "WirePoints": [
        {
          "X": 3.12407374,
          "Y": 0.2777784
        },
        {
          "X": 5.194445,
          "Y": 0.2777784
        },
        {
          "X": 5.194445,
          "Y": -0.64814806
        },
        {
          "X": 5.772222,
          "Y": -0.6762966
        }
      ],
      "ColourThemeName": "Red"
    },
    {
      "Source": {
        "PinType": 4,
        "SubChipID": 1278236883,
        "PinID": 2
      },
      "Target": {
        "PinType": 3,
        "SubChipID": 646383661,
        "PinID": 176070845
      },
      "WirePoints": [
        {
          "X": -0.162963271,
          "Y": -0.5185184
        },
        {
          "X": 4.861111,
          "Y": -0.5185184
        },
        {
          "X": 4.861111,
          "Y": -0.92592597
        },
        {
          "X": 5.772222,
          "Y": -0.9162966
        }
      ],
      "ColourThemeName": "Red"
    }
  ]
}