{
  "Name": "ALU",
  "Colour": "#4CCAC6",
  "InputPins": [
    {
      "Name": "N1P1",
      "ID": 2012559747,
      "PositionY": 3.59259224,
      "ColourThemeName": "Red"
    },
    {
      "Name": "N1P2",
      "ID": 748252244,
      "PositionY": 2.90740657,
      "ColourThemeName": "Red"
    },
    {
      "Name": "N1P3",
      "ID": 1018301021,
      "PositionY": 2.24074054,
      "ColourThemeName": "Red"
    },
    {
      "Name": "N1P4",
      "ID": 1907398991,
      "PositionY": 1.60185158,
      "ColourThemeName": "Red"
    },
    {
      "Name": "N2P1",
      "ID": 1398978753,
      "PositionY": 0.361111164,
      "ColourThemeName": "Red"
    },
    {
      "Name": "N2P2",
      "ID": 462285012,
      "PositionY": -0.32407403,
      "ColourThemeName": "Red"
    },
    {
      "Name": "N2P3",
      "ID": 1211657445,
      "PositionY": -1.03703713,
      "ColourThemeName": "Red"
    },
    {
      "Name": "N2P4",
      "ID": 1704834964,
      "PositionY": -1.67592585,
      "ColourThemeName": "Red"
    },
    {
      "Name": "In Subtract",
      "ID": 505562748,
      "PositionY": -3.25925946,
      "ColourThemeName": "Red"
    }
  ],
  "OutputPins": [
    {
      "Name": "Out 1",
      "ID": 708540558,
      "PositionY": 1.88888907,
      "ColourThemeName": "Red"
    },
    {
      "Name": "Out 2",
      "ID": 2129160425,
      "PositionY": 1.15740716,
      "ColourThemeName": "Red"
    },
    {
      "Name": "Out 3",
      "ID": 1739648028,
      "PositionY": 0.462962985,
      "ColourThemeName": "Red"
    },
    {
      "Name": "Out  4",
      "ID": 624442070,
      "PositionY": -0.25000006,
      "ColourThemeName": "Red"
    },
    {
      "Name": "Out Carry",
      "ID": 53788802,
      "PositionY": -1.574074,
      "ColourThemeName": "Red"
    },
    {
      "Name": "Negative",
      "ID": 1063245363,
      "PositionY": -2.222222,
      "ColourThemeName": "Red"
    },
    {
      "Name": "Zero",
      "ID": 1807389324,
      "PositionY": -2.851852,
      "ColourThemeName": "Red"
    }
  ],
  "SubChips": [
    {
      "Name": "4-BIT ADDER",
      "ID": 21745589,
      "Points": [
        {
          "X": 0.148148015,
          "Y": -0.0833332539
        }
      ],
      "Data": null
    },
    {
      "Name": "XOR",
      "ID": 1365438441,
      "Points": [
        {
          "X": -4.518519,
          "Y": 0.215277612
        }
      ],
      "Data": null
    },
    {
      "Name": "XOR",
      "ID": 1323274442,
      "Points": [
        {
          "X": -4.53703737,
          "Y": -0.493055582
        }
      ],
      "Data": null
    },
    {
      "Name": "XOR",
      "ID": 1000953045,
      "Points": [
        {
          "X": -4.518519,
          "Y": -1.14583349
        }
      ],
      "Data": null
    },
    {
      "Name": "XOR",
      "ID": 1639710392,
      "Points": [
        {
          "X": -4.5092597,
          "Y": -1.78935182
        }
      ],
      "Data": null
    },
    {
      "Name": "NOT",
      "ID": 635429409,
      "Points": [
        {
          "X": 2.80555534,
          "Y": -1.4637965
        }
      ],
      "Data": null
    },
    {
      "Name": "NOT",
      "ID": 252199789,
      "Points": [
        {
          "X": 2.80555534,
          "Y": -2.01879644
        }
      ],
      "Data": null
    },
    {
      "Name": "NOT",
      "ID": 1790970505,
      "Points": [
        {
          "X": 2.80555534,
          "Y": -2.57379627
        }
      ],
      "Data": null
    },
    {
      "Name": "NOT",
      "ID": 1429078968,
      "Points": [
        {
          "X": 2.80555534,
          "Y": -3.128796
        }
      ],
      "Data": null
    },
    {
      "Name": "AND",
      "ID": 17587840,
      "Points": [
        {
          "X": 4.55555439,
          "Y": -1.5879631
        }
      ],
      "Data": null
    },
    {
      "Name": "AND",
      "ID": 1456944135,
      "Points": [
        {
          "X": 5.5462966,
          "Y": -2.43518543
        }
      ],
      "Data": null
    },
    {
      "Name": "AND",
      "ID": 1328971556,
      "Points": [
        {
          "X": 6.833333,
          "Y": -3.31481481
        }
      ],
      "Data": null
    }
  ],
  "Connections": [
    {
      "Source": {
        "PinType": 1,
        "SubChipID": 0,
        "PinID": 1398978753
      },
      "Target": {
        "PinType": 3,
        "SubChipID": 1365438441,
        "PinID": 1790106757
      },
      "WirePoints": [
        {
          "X": -7.837778,
          "Y": 0.361111164
        },
        {
          "X": -5.068519,
          "Y": 0.335277617
        }
      ],
      "ColourThemeName": "Red"
    },
    {
      "Source": {
        "PinType": 1,
        "SubChipID": 0,
        "PinID": 462285012
      },
      "Target": {
        "PinType": 3,
        "SubChipID": 1323274442,
        "PinID": 1790106757
      },
      "WirePoints": [
        {
          "X": -7.837778,
          "Y": -0.32407403
        },
        {
          "X": -5.08703756,
          "Y": -0.373055577
        }
      ],
      "ColourThemeName": "Red"
    },
    {
      "Source": {
        "PinType": 1,
        "SubChipID": 0,
        "PinID": 1211657445
      },
      "Target": {
        "PinType": 3,
        "SubChipID": 1000953045,
        "PinID": 1790106757
      },
      "WirePoints": [
        {
          "X": -7.837778,
          "Y": -1.03703713
        },
        {
          "X": -5.068519,
          "Y": -1.02583349
        }
      ],
      "ColourThemeName": "Red"
    },
    {
      "Source": {
        "PinType": 1,
        "SubChipID": 0,
        "PinID": 1704834964
      },
      "Target": {
        "PinType": 3,
        "SubChipID": 1639710392,
        "PinID": 1790106757
      },
      "WirePoints": [
        {
          "X": -7.837778,
          "Y": -1.67592585
        },
        {
          "X": -5.05926,
          "Y": -1.66935182
        }
      ],
      "ColourThemeName": "Red"
    },
    {
      "Source": {
        "PinType": 1,
        "SubChipID": 0,
        "PinID": 505562748
      },
      "Target": {
        "PinType": 3,
        "SubChipID": 1365438441,
        "PinID": 372054391
      },
      "WirePoints": [
        {
          "X": -7.837778,
          "Y": -3.25925946
        },
        {
          "X": -6.94444466,
          "Y": -3.25925946
        },
        {
          "X": -6.94444466,
          "Y": 0.1111114
        },
        {
          "X": -5.068519,
          "Y": 0.0952776149
        }
      ],
      "ColourThemeName": "Red"
    },
    {
      "Source": {
        "PinType": 1,
        "SubChipID": 0,
        "PinID": 505562748
      },
      "Target": {
        "PinType": 3,
        "SubChipID": 1323274442,
        "PinID": 372054391
      },
      "WirePoints": [
        {
          "X": -7.837778,
          "Y": -3.25925946
        },
        {
          "X": -6.94444466,
          "Y": -3.25925946
        },
        {
          "X": -6.94444466,
          "Y": -0.57407403
        },
        {
          "X": -5.08703756,
          "Y": -0.6130556
        }
      ],
      "ColourThemeName": "Red"
    },
    {
      "Source": {
        "PinType": 1,
        "SubChipID": 0,
        "PinID": 505562748
      },
      "Target": {
        "PinType": 3,
        "SubChipID": 1000953045,
        "PinID": 372054391
      },
      "WirePoints": [
        {
          "X": -7.837778,
          "Y": -3.25925946
        },
        {
          "X": -6.94444466,
          "Y": -3.25925946
        },
        {
          "X": -6.94444466,
          "Y": -1.28703725
        },
        {
          "X": -5.068519,
          "Y": -1.2658335
        }
      ],
      "ColourThemeName": "Red"
    },
    {
      "Source": {
        "PinType": 1,
        "SubChipID": 0,
        "PinID": 505562748
      },
      "Target": {
        "PinType": 3,
        "SubChipID": 1639710392,
        "PinID": 372054391
      },
      "WirePoints": [
        {
          "X": -7.837778,
          "Y": -3.25925946
        },
        {
          "X": -6.94444466,
          "Y": -3.25925946
        },
        {
          "X": -6.94444466,
          "Y": -1.88888884
        },
        {
          "X": -5.05926,
          "Y": -1.90935183
        }
      ],
      "ColourThemeName": "Red"
    },
    {
      "Source": {
        "PinType": 1,
        "SubChipID": 0,
        "PinID": 505562748
      },
      "Target": {
        "PinType": 3,
        "SubChipID": 21745589,
        "PinID": 505562748
      },
      "WirePoints": [
        {
          "X": -7.837778,
          "Y": -3.25925946
        },
        {
          "X": -0.9166665,
          "Y": -3.25925946
        },
        {
          "X": -0.9166665,
          "Y": -1.02777779
        },
        {
          "X": -0.476852,
          "Y": -1.04333329
        }
      ],
      "ColourThemeName": "Red"
    },
    {
      "Source": {
        "PinType": 4,
        "SubChipID": 1639710392,
        "PinID": 941371597
      },
      "Target": {
        "PinType": 3,
        "SubChipID": 21745589,
        "PinID": 1704834964
      },
      "WirePoints": [
        {
          "X": -3.95925975,
          "Y": -1.78935182
        },
        {
          "X": -1.324074,
          "Y": -1.78935182
        },
        {
          "X": -1.324074,
          "Y": -0.8055556
        },
        {
          "X": -0.657407463,
          "Y": -0.8055556
        },
        {
          "X": -0.476852,
          "Y": -0.803333342
        }
      ],
      "ColourThemeName": "Red"
    },
    {
      "Source": {
        "PinType": 4,
        "SubChipID": 1000953045,
        "PinID": 941371597
      },
      "Target": {
        "PinType": 3,
        "SubChipID": 21745589,
        "PinID": 1211657445
      },
      "WirePoints": [
        {
          "X": -3.968519,
          "Y": -1.14583349
        },
        {
          "X": -1.67592585,
          "Y": -1.14583349
        },
        {
          "X": -1.67592585,
          "Y": -0.5092594
        },
        {
          "X": -0.6296296,
          "Y": -0.5092594
        },
        {
          "X": -0.476852,
          "Y": -0.5633333
        }
      ],
      "ColourThemeName": "Red"
    },
    {
      "Source": {
        "PinType": 4,
        "SubChipID": 1323274442,
        "PinID": 941371597
      },
      "Target": {
        "PinType": 3,
        "SubChipID": 21745589,
        "PinID": 462285012
      },
      "WirePoints": [
        {
          "X": -3.98703742,
          "Y": -0.493055582
        },
        {
          "X": -2.1481483,
          "Y": -0.493055582
        },
        {
          "X": -2.1481483,
          "Y": -0.2870369
        },
        {
          "X": -0.666666567,
          "Y": -0.2870369
        },
        {
          "X": -0.476852,
          "Y": -0.323333263
        }
      ],
      "ColourThemeName": "Red"
    },
    {
      "Source": {
        "PinType": 4,
        "SubChipID": 1365438441,
        "PinID": 941371597
      },
      "Target": {
        "PinType": 3,
        "SubChipID": 21745589,
        "PinID": 1398978753
      },
      "WirePoints": [
        {
          "X": -3.968519,
          "Y": 0.215277612
        },
        {
          "X": -2.43518519,
          "Y": 0.215277612
        },
        {
          "X": -2.43518519,
          "Y": -0.120370388
        },
        {
          "X": -0.6388887,
          "Y": -0.120370388
        },
        {
          "X": -0.476852,
          "Y": -0.0833332539
        }
      ],
      "ColourThemeName": "Red"
    },
    {
      "Source": {
        "PinType": 1,
        "SubChipID": 0,
        "PinID": 1907398991
      },
      "Target": {
        "PinType": 3,
        "SubChipID": 21745589,
        "PinID": 1907398991
      },
      "WirePoints": [
        {
          "X": -7.837778,
          "Y": 1.60185158
        },
        {
          "X": -2.15740752,
          "Y": 1.60185158
        },
        {
          "X": -2.15740752,
          "Y": 0.148147941
        },
        {
          "X": -0.476852,
          "Y": 0.156666771
        }
      ],
      "ColourThemeName": "Red"
    },
    {
      "Source": {
        "PinType": 1,
        "SubChipID": 0,
        "PinID": 1018301021
      },
      "Target": {
        "PinType": 3,
        "SubChipID": 21745589,
        "PinID": 1018301021
      },
      "WirePoints": [
        {
          "X": -7.837778,
          "Y": 2.24074054
        },
        {
          "X": -1.83333349,
          "Y": 2.24074054
        },
        {
          "X": -1.83333349,
          "Y": 0.388888717
        },
        {
          "X": -0.6851854,
          "Y": 0.388888717
        },
        {
          "X": -0.476852,
          "Y": 0.3966668
        }
      ],
      "ColourThemeName": "Red"
    },
    {
      "Source": {
        "PinType": 1,
        "SubChipID": 0,
        "PinID": 748252244
      },
      "Target": {
        "PinType": 3,
        "SubChipID": 21745589,
        "PinID": 748252244
      },
      "WirePoints": [
        {
          "X": -7.837778,
          "Y": 2.90740657
        },
        {
          "X": -1.59259272,
          "Y": 2.90740657
        },
        {
          "X": -1.59259272,
          "Y": 0.6759262
        },
        {
          "X": -0.6296296,
          "Y": 0.6759262
        },
        {
          "X": -0.476852,
          "Y": 0.636666834
        }
      ],
      "ColourThemeName": "Red"
    },
    {
      "Source": {
        "PinType": 1,
        "SubChipID": 0,
        "PinID": 2012559747
      },
      "Target": {
        "PinType": 3,
        "SubChipID": 21745589,
        "PinID": 2012559747
      },
      "WirePoints": [
        {
          "X": -7.837778,
          "Y": 3.59259224
        },
        {
          "X": -1.12037027,
          "Y": 3.59259224
        },
        {
          "X": -1.12037027,
          "Y": 0.870370269
        },
        {
          "X": -0.611111343,
          "Y": 0.870370269
        },
        {
          "X": -0.476852,
          "Y": 0.876666844
        }
      ],
      "ColourThemeName": "Red"
    },
    {
      "Source": {
        "PinType": 4,
        "SubChipID": 21745589,
        "PinID": 708540558
      },
      "Target": {
        "PinType": 2,
        "SubChipID": 0,
        "PinID": 708540558
      },
      "WirePoints": [
        {
          "X": 0.773148,
          "Y": 0.876666844
        },
        {
          "X": 6.11111164,
          "Y": 0.876666844
        },
        {
          "X": 6.11111164,
          "Y": 1.96296275
        },
        {
          "X": 7.837778,
          "Y": 1.88888907
        }
      ],
      "ColourThemeName": "Red"
    },
    {
      "Source": {
        "PinType": 4,
        "SubChipID": 21745589,
        "PinID": 2129160425
      },
      "Target": {
        "PinType": 2,
        "SubChipID": 0,
        "PinID": 2129160425
      },
      "WirePoints": [
        {
          "X": 0.773148,
          "Y": 0.3966668
        },
        {
          "X": 6.462963,
          "Y": 0.3966668
        },
        {
          "X": 6.462963,
          "Y": 1.21296287
        },
        {
          "X": 7.837778,
          "Y": 1.15740716
        }
      ],
      "ColourThemeName": "Red"
    },
    {
      "Source": {
        "PinType": 4,
        "SubChipID": 21745589,
        "PinID": 1739648028
      },
      "Target": {
        "PinType": 2,
        "SubChipID": 0,
        "PinID": 1739648028
      },
      "WirePoints": [
        {
          "X": 0.773148,
          "Y": -0.0833332539
        },
        {
          "X": 6.82407427,
          "Y": -0.0833332539
        },
        {
          "X": 6.82407427,
          "Y": 0.5555558
        },
        {
          "X": 7.70370436,
          "Y": 0.5555558
        },
        {
          "X": 7.837778,
          "Y": 0.462962985
        }
      ],
      "ColourThemeName": "Red"
    },
    {
      "Source": {
        "PinType": 4,
        "SubChipID": 21745589,
        "PinID": 624442070
      },
      "Target": {
        "PinType": 2,
        "SubChipID": 0,
        "PinID": 624442070
      },
      "WirePoints": [
        {
          "X": 0.773148,
          "Y": -0.5633333
        },
        {
          "X": 7.43518543,
          "Y": -0.5633333
        },
        {
          "X": 7.43518543,
          "Y": -0.194444358
        },
        {
          "X": 7.837778,
          "Y": -0.25000006
        }
      ],
      "ColourThemeName": "Red"
    },
    {
      "Source": {
        "PinType": 4,
        "SubChipID": 21745589,
        "PinID": 708540558
      },
      "Target": {
        "PinType": 3,
        "SubChipID": 635429409,
        "PinID": 0
      },
      "WirePoints": [
        {
          "X": 0.773148,
          "Y": 0.876666844
        },
        {
          "X": 2.037037,
          "Y": 0.876666844
        },
        {
          "X": 2.037037,
          "Y": -1.49074078
        },
        {
          "X": 2.25555539,
          "Y": -1.4637965
        }
      ],
      "ColourThemeName": "Red"
    },
    {
      "Source": {
        "PinType": 4,
        "SubChipID": 21745589,
        "PinID": 2129160425
      },
      "Target": {
        "PinType": 3,
        "SubChipID": 252199789,
        "PinID": 0
      },
      "WirePoints": [
        {
          "X": 0.773148,
          "Y": 0.3966668
        },
        {
          "X": 1.87037039,
          "Y": 0.3966668
        },
        {
          "X": 1.87037063,
          "Y": -2.02777767
        },
        {
          "X": 2.25555539,
          "Y": -2.01879644
        }
      ],
      "ColourThemeName": "Red"
    },
    {
      "Source": {
        "PinType": 4,
        "SubChipID": 21745589,
        "PinID": 1739648028
      },
      "Target": {
        "PinType": 3,
        "SubChipID": 1790970505,
        "PinID": 0
      },
      "WirePoints": [
        {
          "X": 0.773148,
          "Y": -0.0833332539
        },
        {
          "X": 1.69444418,
          "Y": -0.0833332539
        },
        {
          "X": 1.69444406,
          "Y": -2.57407427
        },
        {
          "X": 2.25555539,
          "Y": -2.57379627
        }
      ],
      "ColourThemeName": "Red"
    },
    {
      "Source": {
        "PinType": 4,
        "SubChipID": 21745589,
        "PinID": 624442070
      },
      "Target": {
        "PinType": 3,
        "SubChipID": 1429078968,
        "PinID": 0
      },
      "WirePoints": [
        {
          "X": 0.773148,
          "Y": -0.5633333
        },
        {
          "X": 1.45370388,
          "Y": -0.5633333
        },
        {
          "X": 1.45370388,
          "Y": -3.09259272
        },
        {
          "X": 2.25555539,
          "Y": -3.128796
        }
      ],
      "ColourThemeName": "Red"
    },
    {
      "Source": {
        "PinType": 4,
        "SubChipID": 635429409,
        "PinID": 1
      },
      "Target": {
        "PinType": 3,
        "SubChipID": 17587840,
        "PinID": 0
      },
      "WirePoints": [
        {
          "X": 3.3555553,
          "Y": -1.4637965
        },
        {
          "X": 4.005554,
          "Y": -1.4679631
        }
      ],
      "ColourThemeName": "Red"
    },
    {
      "Source": {
        "PinType": 4,
        "SubChipID": 252199789,
        "PinID": 1
      },
      "Target": {
        "PinType": 3,
        "SubChipID": 17587840,
        "PinID": 1
      },
      "WirePoints": [
        {
          "X": 3.3555553,
          "Y": -2.01879644
        },
        {
          "X": 3.72222281,
          "Y": -2.01879644
        },
        {
          "X": 3.72222281,
          "Y": -1.69444442
        },
        {
          "X": 4.005554,
          "Y": -1.70796311
        }
      ],
      "ColourThemeName": "Red"
    },
    {
      "Source": {
        "PinType": 4,
        "SubChipID": 17587840,
        "PinID": 2
      },
      "Target": {
        "PinType": 3,
        "SubChipID": 1456944135,
        "PinID": 0
      },
      "WirePoints": [
        {
          "X": 5.10555458,
          "Y": -1.5879631
        },
        {
          "X": 5.10555458,
          "Y": -2.01851845
        },
        {
          "X": 4.67592573,
          "Y": -2.01851845
        },
        {
          "X": 4.67592573,
          "Y": -2.29629636
        },
        {
          "X": 4.99629641,
          "Y": -2.31518555
        }
      ],
      "ColourThemeName": "Red"
    },
    {
      "Source": {
        "PinType": 4,
        "SubChipID": 1790970505,
        "PinID": 1
      },
      "Target": {
        "PinType": 3,
        "SubChipID": 1456944135,
        "PinID": 1
      },
      "WirePoints": [
        {
          "X": 3.3555553,
          "Y": -2.57379627
        },
        {
          "X": 4.99629641,
          "Y": -2.55518532
        }
      ],
      "ColourThemeName": "Red"
    },
    {
      "Source": {
        "PinType": 4,
        "SubChipID": 1456944135,
        "PinID": 2
      },
      "Target": {
        "PinType": 3,
        "SubChipID": 1328971556,
        "PinID": 0
      },
      "WirePoints": [
        {
          "X": 6.096297,
          "Y": -2.43518543
        },
        {
          "X": 6.283333,
          "Y": -2.425926
        },
        {
          "X": 6.283333,
          "Y": -3.194815
        }
      ],
      "ColourThemeName": "Red"
    },
    {
      "Source": {
        "PinType": 4,
        "SubChipID": 1429078968,
        "PinID": 1
      },
      "Target": {
        "PinType": 3,
        "SubChipID": 1328971556,
        "PinID": 1
      },
      "WirePoints": [
        {
          "X": 3.3555553,
          "Y": -3.128796
        },
        {
          "X": 3.61111116,
          "Y": -3.074074
        },
        {
          "X": 3.61111116,
          "Y": -3.43481469
        },
        {
          "X": 6.283333,
          "Y": -3.43481469
        }
      ],
      "ColourThemeName": "Red"
    },
    {
      "Source": {
        "PinType": 4,
        "SubChipID": 21745589,
        "PinID": 708540558
      },
      "Target": {
        "PinType": 2,
        "SubChipID": 0,
        "PinID": 1063245363
      },
      "WirePoints": [
        {
          "X": 0.773148,
          "Y": 0.876666844
        },
        {
          "X": 4.824074,
          "Y": 0.876666844
        },
        {
          "X": 4.824074,
          "Y": -1.05555558
        },
        {
          "X": 6.888889,
          "Y": -1.05555558
        },
        {
          "X": 6.888889,
          "Y": -2.26851845
        },
        {
          "X": 7.837778,
          "Y": -2.222222
        }
      ],
      "ColourThemeName": "Red"
    },
    {
      "Source": {
        "PinType": 4,
        "SubChipID": 1328971556,
        "PinID": 2
      },
      "Target": {
        "PinType": 2,
        "SubChipID": 0,
        "PinID": 1807389324
      },
      "WirePoints": [
        {
          "X": 7.383333,
          "Y": -3.31481481
        },
        {
          "X": 7.59259272,
          "Y": -3.23148131
        },
        {
          "X": 7.59259272,
          "Y": -2.851852
        },
        {
          "X": 7.837778,
          "Y": -2.851852
        }
      ],
      "ColourThemeName": "Red"
    },
    {
      "Source": {
        "PinType": 4,
        "SubChipID": 21745589,
        "PinID": 53788802
      },
      "Target": {
        "PinType": 2,
        "SubChipID": 0,
        "PinID": 53788802
      },
      "WirePoints": [
        {
          "X": 0.773148,
          "Y": -1.04333329
        },
        {
          "X": 7.5092597,
          "Y": -1.04333329
        },
        {
          "X": 7.5092597,
          "Y": -1.574074
        },
        {
          "X": 7.837778,
          "Y": -1.574074
        }
      ],
      "ColourThemeName": "Red"
    }
  ]
}