{
  "Name": "D-FLIP-FLOP",
  "Colour": "#D3238B",
  "InputPins": [
    {
      "Name": "Data",
      "ID": 918853013,
      "PositionY": 0.9166664,
      "ColourThemeName": "Red"
    },
    {
      "Name": "Clock",
      "ID": 882241540,
      "PositionY": 0.240740776,
      "ColourThemeName": "Red"
    }
  ],
  "OutputPins": [
    {
      "Name": "Pin",
      "ID": 1024276292,
      "PositionY": 0.657407045,
      "ColourThemeName": "Red"
    }
  ],
  "SubChips": [
    {
      "Name": "D-LATCH",
      "ID": 1764801771,
      "Points": [
        {
          "X": -0.101852477,
          "Y": 0.675926149
        }
      ],
      "Data": null
    },
    {
      "Name": "D-LATCH",
      "ID": 1308785646,
      "Points": [
        {
          "X": -3.56481457,
          "Y": 0.7870358
        }
      ],
      "Data": null
    },
    {
      "Name": "NOT",
      "ID": 1762044084,
      "Points": [
        {
          "X": -6.01851845,
          "Y": 0.240741372
        }
      ],
      "Data": null
    }
  ],
  "Connections": [
    {
      "Source": {
        "PinType": 1,
        "SubChipID": 0,
        "PinID": 918853013
      },
      "Target": {
        "PinType": 3,
        "SubChipID": 1308785646,
        "PinID": 1410007333
      },
      "WirePoints": [
        {
          "X": -7.837778,
          "Y": 0.9166664
        },
        {
          "X": -4.712963,
          "Y": 0.9166664
        },
        {
          "X": -4.33981466,
          "Y": 0.9070358
        }
      ],
      "ColourThemeName": "Red"
    },
    {
      "Source": {
        "PinType": 1,
        "SubChipID": 0,
        "PinID": 882241540
      },
      "Target": {
        "PinType": 3,
        "SubChipID": 1762044084,
        "PinID": 0
      },
      "WirePoints": [
        {
          "X": -7.837778,
          "Y": 0.240740776
        },
        {
          "X": -6.56851864,
          "Y": 0.240741372
        }
      ],
      "ColourThemeName": "Red"
    },
    {
      "Source": {
        "PinType": 4,
        "SubChipID": 1762044084,
        "PinID": 1
      },
      "Target": {
        "PinType": 3,
        "SubChipID": 1308785646,
        "PinID": 1204833970
      },
      "WirePoints": [
        {
          "X": -5.46851826,
          "Y": 0.240741372
        },
        {
          "X": -4.842593,
          "Y": 0.240741372
        },
        {
          "X": -4.842593,
          "Y": 0.6666666
        },
        {
          "X": -4.33981466,
          "Y": 0.6670358
        }
      ],
      "ColourThemeName": "Red"
    },
    {
      "Source": {
        "PinType": 4,
        "SubChipID": 1308785646,
        "PinID": 799389489
      },
      "Target": {
        "PinType": 3,
        "SubChipID": 1764801771,
        "PinID": 1410007333
      },
      "WirePoints": [
        {
          "X": -2.78981447,
          "Y": 0.7870358
        },
        {
          "X": -0.876852453,
          "Y": 0.795926154
        }
      ],
      "ColourThemeName": "Red"
    },
    {
      "Source": {
        "PinType": 1,
        "SubChipID": 0,
        "PinID": 882241540
      },
      "Target": {
        "PinType": 3,
        "SubChipID": 1764801771,
        "PinID": 1204833970
      },
      "WirePoints": [
        {
          "X": -7.837778,
          "Y": 0.240740776
        },
        {
          "X": -6.990741,
          "Y": 0.240740776
        },
        {
          "X": -6.990741,
          "Y": -0.6944445
        },
        {
          "X": -2.04629636,
          "Y": -0.6944445
        },
        {
          "X": -2.04629636,
          "Y": 0.5092591
        },
        {
          "X": -1.07407415,
          "Y": 0.5092591
        },
        {
          "X": -0.876852453,
          "Y": 0.555926144
        }
      ],
      "ColourThemeName": "Red"
    },
    {
      "Source": {
        "PinType": 4,
        "SubChipID": 1764801771,
        "PinID": 799389489
      },
      "Target": {
        "PinType": 2,
        "SubChipID": 0,
        "PinID": 1024276292
      },
      "WirePoints": [
        {
          "X": 0.6731475,
          "Y": 0.675926149
        },
        {
          "X": 7.837778,
          "Y": 0.657407045
        }
      ],
      "ColourThemeName": "Red"
    }
  ]
}