{
  "Name": "D-LATCH",
  "Colour": "#CC7900",
  "InputPins": [
    {
      "Name": "Data",
      "ID": 1410007333,
      "PositionY": 0.490740538,
      "ColourThemeName": "Red"
    },
    {
      "Name": "Store",
      "ID": 1204833970,
      "PositionY": -0.314814746,
      "ColourThemeName": "Red"
    }
  ],
  "OutputPins": [
    {
      "Name": "Pin",
      "ID": 799389489,
      "PositionY": 0.06481469,
      "ColourThemeName": "Red"
    }
  ],
  "SubChips": [
    {
      "Name": "NOR",
      "ID": 1408202066,
      "Points": [
        {
          "X": -0.6851854,
          "Y": 1.42592609
        }
      ],
      "Data": null
    },
    {
      "Name": "NOR",
      "ID": 488237747,
      "Points": [
        {
          "X": -0.675925732,
          "Y": -0.851852
        }
      ],
      "Data": null
    },
    {
      "Name": "AND",
      "ID": 383122363,
      "Points": [
        {
          "X": -3.8981483,
          "Y": 1.49074078
        }
      ],
      "Data": null
    },
    {
      "Name": "AND",
      "ID": 2046271112,
      "Points": [
        {
          "X": -3.17592573,
          "Y": -1.02777779
        }
      ],
      "Data": null
    },
    {
      "Name": "NOT",
      "ID": 1110887976,
      "Points": [
        {
          "X": -5.25,
          "Y": -1.13888884
        }
      ],
      "Data": null
    }
  ],
  "Connections": [
    {
      "Source": {
        "PinType": 4,
        "SubChipID": 1408202066,
        "PinID": 632362697
      },
      "Target": {
        "PinType": 3,
        "SubChipID": 488237747,
        "PinID": 1222611126
      },
      "WirePoints": [
        {
          "X": -0.135185361,
          "Y": 1.42592609
        },
        {
          "X": 0.472222447,
          "Y": 1.42592609
        },
        {
          "X": 0.472222447,
          "Y": 0.240740776
        },
        {
          "X": -1.89814842,
          "Y": 0.240740776
        },
        {
          "X": -1.89814842,
          "Y": -0.7499999
        },
        {
          "X": -1.22592568,
          "Y": -0.731852
        }
      ],
      "ColourThemeName": "Red"
    },
    {
      "Source": {
        "PinType": 4,
        "SubChipID": 488237747,
        "PinID": 632362697
      },
      "Target": {
        "PinType": 3,
        "SubChipID": 1408202066,
        "PinID": 1771931844
      },
      "WirePoints": [
        {
          "X": -0.12592572,
          "Y": -0.851852
        },
        {
          "X": 0.4907407,
          "Y": -0.851852
        },
        {
          "X": 0.4907407,
          "Y": 0.444444418
        },
        {
          "X": -1.88888872,
          "Y": 0.444444418
        },
        {
          "X": -1.88888872,
          "Y": 1.35185182
        },
        {
          "X": -1.23518538,
          "Y": 1.30592608
        }
      ],
      "ColourThemeName": "Red"
    },
    {
      "Source": {
        "PinType": 4,
        "SubChipID": 488237747,
        "PinID": 632362697
      },
      "Target": {
        "PinType": 2,
        "SubChipID": 0,
        "PinID": 799389489
      },
      "WirePoints": [
        {
          "X": -0.12592572,
          "Y": -0.851852
        },
        {
          "X": 7.46296263,
          "Y": -0.851852
        },
        {
          "X": 7.46296263,
          "Y": 0.1111114
        },
        {
          "X": 7.837778,
          "Y": 0.06481469
        }
      ],
      "ColourThemeName": "Red"
    },
    {
      "Source": {
        "PinType": 1,
        "SubChipID": 0,
        "PinID": 1410007333
      },
      "Target": {
        "PinType": 3,
        "SubChipID": 383122363,
        "PinID": 0
      },
      "WirePoints": [
        {
          "X": -7.837778,
          "Y": 0.490740538
        },
        {
          "X": -6.675926,
          "Y": 0.490740538
        },
        {
          "X": -6.675926,
          "Y": 1.61111116
        },
        {
          "X": -4.44814825,
          "Y": 1.61074078
        }
      ],
      "ColourThemeName": "Red"
    },
    {
      "Source": {
        "PinType": 1,
        "SubChipID": 0,
        "PinID": 1204833970
      },
      "Target": {
        "PinType": 3,
        "SubChipID": 383122363,
        "PinID": 1
      },
      "WirePoints": [
        {
          "X": -7.837778,
          "Y": -0.314814746
        },
        {
          "X": -5.75000048,
          "Y": -0.314814746
        },
        {
          "X": -5.75000048,
          "Y": 1.33333325
        },
        {
          "X": -4.44814825,
          "Y": 1.37074077
        }
      ],
      "ColourThemeName": "Red"
    },
    {
      "Source": {
        "PinType": 1,
        "SubChipID": 0,
        "PinID": 1410007333
      },
      "Target": {
        "PinType": 3,
        "SubChipID": 1110887976,
        "PinID": 0
      },
      "WirePoints": [
        {
          "X": -7.837778,
          "Y": 0.490740538
        },
        {
          "X": -6.675926,
          "Y": 0.490740538
        },
        {
          "X": -6.675926,
          "Y": -1.16666675
        },
        {
          "X": -5.8,
          "Y": -1.13888884
        }
      ],
      "ColourThemeName": "Red"
    },
    {
      "Source": {
        "PinType": 4,
        "SubChipID": 1110887976,
        "PinID": 1
      },
      "Target": {
        "PinType": 3,
        "SubChipID": 2046271112,
        "PinID": 1
      },
      "WirePoints": [
        {
          "X": -4.7,
          "Y": -1.13888884
        },
        {
          "X": -3.72592568,
          "Y": -1.1477778
        }
      ],
      "ColourThemeName": "Red"
    },
    {
      "Source": {
        "PinType": 1,
        "SubChipID": 0,
        "PinID": 1204833970
      },
      "Target": {
        "PinType": 3,
        "SubChipID": 2046271112,
        "PinID": 0
      },
      "WirePoints": [
        {
          "X": -7.837778,
          "Y": -0.314814746
        },
        {
          "X": -5.73148155,
          "Y": -0.314814746
        },
        {
          "X": -5.73148155,
          "Y": -0.888888836
        },
        {
          "X": -3.944445,
          "Y": -0.888888836
        },
        {
          "X": -3.72592568,
          "Y": -0.9077778
        }
      ],
      "ColourThemeName": "Red"
    },
    {
      "Source": {
        "PinType": 4,
        "SubChipID": 2046271112,
        "PinID": 2
      },
      "Target": {
        "PinType": 3,
        "SubChipID": 488237747,
        "PinID": 1771931844
      },
      "WirePoints": [
        {
          "X": -2.62592578,
          "Y": -1.02777779
        },
        {
          "X": -1.40740776,
          "Y": -1.02777779
        },
        {
          "X": -1.22592568,
          "Y": -0.971852
        }
      ],
      "ColourThemeName": "Red"
    },
    {
      "Source": {
        "PinType": 4,
        "SubChipID": 383122363,
        "PinID": 2
      },
      "Target": {
        "PinType": 3,
        "SubChipID": 1408202066,
        "PinID": 1222611126
      },
      "WirePoints": [
        {
          "X": -3.34814835,
          "Y": 1.49074078
        },
        {
          "X": -1.361111,
          "Y": 1.49074078
        },
        {
          "X": -1.23518538,
          "Y": 1.54592609
        }
      ],
      "ColourThemeName": "Red"
    }
  ]
}