{
  "Name": "DABBLE",
  "Colour": "#50333D",
  "InputPins": [
    {
      "Name": "Pin",
      "ID": 841499206,
      "PositionY": 1.61111116,
      "ColourThemeName": "Red"
    },
    {
      "Name": "Pin",
      "ID": 893613215,
      "PositionY": 0.814814568,
      "ColourThemeName": "Red"
    },
    {
      "Name": "Pin",
      "ID": 1035194178,
      "PositionY": -0.0462964177,
      "ColourThemeName": "Red"
    },
    {
      "Name": "Pin",
      "ID": 579027245,
      "PositionY": -0.9074074,
      "ColourThemeName": "Red"
    }
  ],
  "OutputPins": [
    {
      "Name": "Pin",
      "ID": 1196907753,
      "PositionY": 1.388889,
      "ColourThemeName": "Red"
    },
    {
      "Name": "Pin",
      "ID": 1963772458,
      "PositionY": 0.64814806,
      "ColourThemeName": "Red"
    },
    {
      "Name": "Pin",
      "ID": 1913519666,
      "PositionY": -0.1111114,
      "ColourThemeName": "Red"
    },
    {
      "Name": "Pin",
      "ID": 1266343664,
      "PositionY": -0.861111,
      "ColourThemeName": "Red"
    }
  ],
  "SubChips": [
    {
      "Name": "XOR",
      "ID": 142171623,
      "Points": [
        {
          "X": -3.50925875,
          "Y": 2.01620388
        }
      ],
      "Data": null
    },
    {
      "Name": "XOR",
      "ID": 471553372,
      "Points": [
        {
          "X": -3.61111069,
          "Y": -1.35879612
        }
      ],
      "Data": null
    },
    {
      "Name": "NOR",
      "ID": 2007672942,
      "Points": [
        {
          "X": -3.55555558,
          "Y": 0.388888717
        }
      ],
      "Data": null
    },
    {
      "Name": "NOR",
      "ID": 1096766551,
      "Points": [
        {
          "X": -0.703703046,
          "Y": 1.914352
        }
      ],
      "Data": null
    },
    {
      "Name": "NOR",
      "ID": 341629005,
      "Points": [
        {
          "X": 1.30555475,
          "Y": 1.45601869
        }
      ],
      "Data": null
    },
    {
      "Name": "OR",
      "ID": 351806865,
      "Points": [
        {
          "X": 1.26851833,
          "Y": -0.06481469
        }
      ],
      "Data": null
    },
    {
      "Name": "NOR",
      "ID": 1678134404,
      "Points": [
        {
          "X": 4.47222233,
          "Y": -0.962962866
        }
      ],
      "Data": null
    },
    {
      "Name": "AND",
      "ID": 447516845,
      "Points": [
        {
          "X": 4.472222,
          "Y": -1.75000048
        }
      ],
      "Data": null
    },
    {
      "Name": "XOR",
      "ID": 885452937,
      "Points": [
        {
          "X": 4.472223,
          "Y": -2.76851821
        }
      ],
      "Data": null
    }
  ],
  "Connections": [
    {
      "Source": {
        "PinType": 1,
        "SubChipID": 0,
        "PinID": 841499206
      },
      "Target": {
        "PinType": 3,
        "SubChipID": 142171623,
        "PinID": 372054391
      },
      "WirePoints": [
        {
          "X": -7.837778,
          "Y": 1.61111116
        },
        {
          "X": -4.268519,
          "Y": 1.62962973
        },
        {
          "X": -4.305556,
          "Y": 1.89814806
        },
        {
          "X": -4.059259,
          "Y": 1.89620388
        }
      ],
      "ColourThemeName": "Red"
    },
    {
      "Source": {
        "PinType": 1,
        "SubChipID": 0,
        "PinID": 841499206
      },
      "Target": {
        "PinType": 3,
        "SubChipID": 2007672942,
        "PinID": 1222611126
      },
      "WirePoints": [
        {
          "X": -7.837778,
          "Y": 1.61111116
        },
        {
          "X": -4.51676273,
          "Y": 1.62834179
        },
        {
          "X": -4.51676273,
          "Y": 0.5092591
        },
        {
          "X": -4.240741,
          "Y": 0.5092591
        },
        {
          "X": -4.10555553,
          "Y": 0.5088887
        }
      ],
      "ColourThemeName": "Red"
    },
    {
      "Source": {
        "PinType": 1,
        "SubChipID": 0,
        "PinID": 841499206
      },
      "Target": {
        "PinType": 3,
        "SubChipID": 471553372,
        "PinID": 1790106757
      },
      "WirePoints": [
        {
          "X": -7.837778,
          "Y": 1.61111116
        },
        {
          "X": -4.51676273,
          "Y": 1.62834179
        },
        {
          "X": -4.51676273,
          "Y": 0.6009884
        },
        {
          "X": -4.49461937,
          "Y": -1.21296287
        },
        {
          "X": -4.161111,
          "Y": -1.23879611
        }
      ],
      "ColourThemeName": "Red"
    },
    {
      "Source": {
        "PinType": 1,
        "SubChipID": 0,
        "PinID": 893613215
      },
      "Target": {
        "PinType": 3,
        "SubChipID": 2007672942,
        "PinID": 1771931844
      },
      "WirePoints": [
        {
          "X": -7.837778,
          "Y": 0.814814568
        },
        {
          "X": -4.916667,
          "Y": 0.814814568
        },
        {
          "X": -4.916667,
          "Y": 0.240740776
        },
        {
          "X": -4.10555553,
          "Y": 0.2688887
        }
      ],
      "ColourThemeName": "Red"
    },
    {
      "Source": {
        "PinType": 1,
        "SubChipID": 0,
        "PinID": 1035194178
      },
      "Target": {
        "PinType": 3,
        "SubChipID": 1678134404,
        "PinID": 1771931844
      },
      "WirePoints": [
        {
          "X": -7.837778,
          "Y": -0.0462964177
        },
        {
          "X": -0.3888888,
          "Y": -0.0462964177
        },
        {
          "X": -0.3888888,
          "Y": -1.12037039
        },
        {
          "X": 3.78703761,
          "Y": -1.12037039
        },
        {
          "X": 3.92222238,
          "Y": -1.08296287
        }
      ],
      "ColourThemeName": "Red"
    },
    {
      "Source": {
        "PinType": 1,
        "SubChipID": 0,
        "PinID": 1035194178
      },
      "Target": {
        "PinType": 3,
        "SubChipID": 471553372,
        "PinID": 372054391
      },
      "WirePoints": [
        {
          "X": -7.837778,
          "Y": -0.0462964177
        },
        {
          "X": -5.2592597,
          "Y": -0.0462964177
        },
        {
          "X": -5.2592597,
          "Y": -1.48148155
        },
        {
          "X": -4.161111,
          "Y": -1.47879612
        }
      ],
      "ColourThemeName": "Red"
    },
    {
      "Source": {
        "PinType": 1,
        "SubChipID": 0,
        "PinID": 579027245
      },
      "Target": {
        "PinType": 3,
        "SubChipID": 885452937,
        "PinID": 372054391
      },
      "WirePoints": [
        {
          "X": -7.837778,
          "Y": -0.9074074
        },
        {
          "X": -5.5462966,
          "Y": -0.9074074
        },
        {
          "X": -5.5462966,
          "Y": -2.70370364
        },
        {
          "X": 3.26851869,
          "Y": -2.70370364
        },
        {
          "X": 3.26851869,
          "Y": -2.92592573
        },
        {
          "X": 3.92222285,
          "Y": -2.888518
        }
      ],
      "ColourThemeName": "Red"
    },
    {
      "Source": {
        "PinType": 1,
        "SubChipID": 0,
        "PinID": 579027245
      },
      "Target": {
        "PinType": 3,
        "SubChipID": 142171623,
        "PinID": 1790106757
      },
      "WirePoints": [
        {
          "X": -7.837778,
          "Y": -0.9074074
        },
        {
          "X": -5.5462966,
          "Y": -0.9074074
        },
        {
          "X": -5.5462966,
          "Y": -1.00533772
        },
        {
          "X": -5.58246231,
          "Y": 2.175926
        },
        {
          "X": -4.059259,
          "Y": 2.13620377
        }
      ],
      "ColourThemeName": "Red"
    },
    {
      "Source": {
        "PinType": 4,
        "SubChipID": 142171623,
        "PinID": 941371597
      },
      "Target": {
        "PinType": 3,
        "SubChipID": 1096766551,
        "PinID": 1222611126
      },
      "WirePoints": [
        {
          "X": -2.95925879,
          "Y": 2.01620388
        },
        {
          "X": -1.25370312,
          "Y": 2.034352
        }
      ],
      "ColourThemeName": "Red"
    },
    {
      "Source": {
        "PinType": 4,
        "SubChipID": 142171623,
        "PinID": 941371597
      },
      "Target": {
        "PinType": 3,
        "SubChipID": 351806865,
        "PinID": 176070845
      },
      "WirePoints": [
        {
          "X": -2.95925879,
          "Y": 2.01620388
        },
        {
          "X": -1.83383024,
          "Y": 2.02817917
        },
        {
          "X": -1.83383036,
          "Y": -0.25000006
        },
        {
          "X": 0.6851854,
          "Y": -0.25000006
        },
        {
          "X": 0.818518341,
          "Y": -0.184814692
        }
      ],
      "ColourThemeName": "Red"
    },
    {
      "Source": {
        "PinType": 4,
        "SubChipID": 2007672942,
        "PinID": 632362697
      },
      "Target": {
        "PinType": 3,
        "SubChipID": 341629005,
        "PinID": 1771931844
      },
      "WirePoints": [
        {
          "X": -3.00555563,
          "Y": 0.388888717
        },
        {
          "X": 0.2777778,
          "Y": 0.388888717
        },
        {
          "X": 0.2777778,
          "Y": 1.32407427
        },
        {
          "X": 0.755554736,
          "Y": 1.33601868
        }
      ],
      "ColourThemeName": "Red"
    },
    {
      "Source": {
        "PinType": 4,
        "SubChipID": 1096766551,
        "PinID": 632362697
      },
      "Target": {
        "PinType": 3,
        "SubChipID": 341629005,
        "PinID": 1222611126
      },
      "WirePoints": [
        {
          "X": -0.153703034,
          "Y": 1.914352
        },
        {
          "X": 0.4166667,
          "Y": 1.914352
        },
        {
          "X": 0.4166667,
          "Y": 1.58333361
        },
        {
          "X": 0.755554736,
          "Y": 1.57601869
        }
      ],
      "ColourThemeName": "Red"
    },
    {
      "Source": {
        "PinType": 4,
        "SubChipID": 2007672942,
        "PinID": 632362697
      },
      "Target": {
        "PinType": 3,
        "SubChipID": 351806865,
        "PinID": 943289771
      },
      "WirePoints": [
        {
          "X": -3.00555563,
          "Y": 0.388888717
        },
        {
          "X": 0.462963343,
          "Y": 0.388888717
        },
        {
          "X": 0.462963343,
          "Y": 0.0833332539
        },
        {
          "X": 0.818518341,
          "Y": 0.05518531
        }
      ],
      "ColourThemeName": "Red"
    },
    {
      "Source": {
        "PinType": 4,
        "SubChipID": 351806865,
        "PinID": 502664682
      },
      "Target": {
        "PinType": 3,
        "SubChipID": 1678134404,
        "PinID": 1222611126
      },
      "WirePoints": [
        {
          "X": 1.71851826,
          "Y": -0.06481469
        },
        {
          "X": 3.37963,
          "Y": -0.06481469
        },
        {
          "X": 3.37963,
          "Y": -0.879629552
        },
        {
          "X": 3.92222238,
          "Y": -0.842962861
        }
      ],
      "ColourThemeName": "Red"
    },
    {
      "Source": {
        "PinType": 4,
        "SubChipID": 351806865,
        "PinID": 502664682
      },
      "Target": {
        "PinType": 3,
        "SubChipID": 447516845,
        "PinID": 0
      },
      "WirePoints": [
        {
          "X": 1.71851826,
          "Y": -0.06481469
        },
        {
          "X": 3.37963,
          "Y": -0.06481469
        },
        {
          "X": 3.37963,
          "Y": -0.6111112
        },
        {
          "X": 3.37963,
          "Y": -1.65740728
        },
        {
          "X": 3.922222,
          "Y": -1.63000047
        }
      ],
      "ColourThemeName": "Red"
    },
    {
      "Source": {
        "PinType": 4,
        "SubChipID": 471553372,
        "PinID": 941371597
      },
      "Target": {
        "PinType": 3,
        "SubChipID": 447516845,
        "PinID": 1
      },
      "WirePoints": [
        {
          "X": -3.06111073,
          "Y": -1.35879612
        },
        {
          "X": 3.01851821,
          "Y": -1.35879612
        },
        {
          "X": 3.01851821,
          "Y": -1.89814806
        },
        {
          "X": 3.922222,
          "Y": -1.87000048
        }
      ],
      "ColourThemeName": "Red"
    },
    {
      "Source": {
        "PinType": 4,
        "SubChipID": 471553372,
        "PinID": 941371597
      },
      "Target": {
        "PinType": 3,
        "SubChipID": 1096766551,
        "PinID": 1771931844
      },
      "WirePoints": [
        {
          "X": -3.06111073,
          "Y": -1.35879612
        },
        {
          "X": -1.66666675,
          "Y": -1.35879612
        },
        {
          "X": -1.66666675,
          "Y": 1.82407379
        },
        {
          "X": -1.25370312,
          "Y": 1.794352
        }
      ],
      "ColourThemeName": "Red"
    },
    {
      "Source": {
        "PinType": 4,
        "SubChipID": 341629005,
        "PinID": 632362697
      },
      "Target": {
        "PinType": 2,
        "SubChipID": 0,
        "PinID": 1196907753
      },
      "WirePoints": [
        {
          "X": 1.85555482,
          "Y": 1.45601869
        },
        {
          "X": 7.837778,
          "Y": 1.388889
        }
      ],
      "ColourThemeName": "Red"
    },
    {
      "Source": {
        "PinType": 4,
        "SubChipID": 341629005,
        "PinID": 632362697
      },
      "Target": {
        "PinType": 3,
        "SubChipID": 885452937,
        "PinID": 1790106757
      },
      "WirePoints": [
        {
          "X": 1.85555482,
          "Y": 1.45601869
        },
        {
          "X": 3.777977,
          "Y": 1.43444622
        },
        {
          "X": 3.777977,
          "Y": -2.67592621
        },
        {
          "X": 3.92222285,
          "Y": -2.64851832
        }
      ],
      "ColourThemeName": "Red"
    },
    {
      "Source": {
        "PinType": 4,
        "SubChipID": 885452937,
        "PinID": 941371597
      },
      "Target": {
        "PinType": 2,
        "SubChipID": 0,
        "PinID": 1266343664
      },
      "WirePoints": [
        {
          "X": 5.022223,
          "Y": -2.76851821
        },
        {
          "X": 7.00000048,
          "Y": -2.76851821
        },
        {
          "X": 7.00000048,
          "Y": -0.861111
        },
        {
          "X": 7.837778,
          "Y": -0.861111
        }
      ],
      "ColourThemeName": "Red"
    },
    {
      "Source": {
        "PinType": 4,
        "SubChipID": 447516845,
        "PinID": 2
      },
      "Target": {
        "PinType": 2,
        "SubChipID": 0,
        "PinID": 1913519666
      },
      "WirePoints": [
        {
          "X": 5.022222,
          "Y": -1.75000048
        },
        {
          "X": 6.453704,
          "Y": -1.75000048
        },
        {
          "X": 6.453704,
          "Y": -0.09259254
        },
        {
          "X": 7.837778,
          "Y": -0.1111114
        }
      ],
      "ColourThemeName": "Red"
    },
    {
      "Source": {
        "PinType": 4,
        "SubChipID": 1678134404,
        "PinID": 632362697
      },
      "Target": {
        "PinType": 2,
        "SubChipID": 0,
        "PinID": 1963772458
      },
      "WirePoints": [
        {
          "X": 5.02222252,
          "Y": -0.962962866
        },
        {
          "X": 6.12962961,
          "Y": -0.962962866
        },
        {
          "X": 6.12962961,
          "Y": 0.6203705
        },
        {
          "X": 7.837778,
          "Y": 0.64814806
        }
      ],
      "ColourThemeName": "Red"
    }
  ]
}