{
  "Name": "DODA-TO-DIDI",
  "Colour": "#51D78F",
  "InputPins": [
    {
      "Name": "Pin",
      "ID": 1617406113,
      "PositionY": 2.037037,
      "ColourThemeName": "Red"
    },
    {
      "Name": "Pin",
      "ID": 1028311677,
      "PositionY": 1.3611114,
      "ColourThemeName": "Red"
    },
    {
      "Name": "Pin",
      "ID": 1429250351,
      "PositionY": 0.6851852,
      "ColourThemeName": "Red"
    },
    {
      "Name": "Pin",
      "ID": 2059298601,
      "PositionY": 0.0370371342,
      "ColourThemeName": "Red"
    },
    {
      "Name": "Pin",
      "ID": 1975465390,
      "PositionY": -0.6203705,
      "ColourThemeName": "Red"
    },
    {
      "Name": "Pin",
      "ID": 140121719,
      "PositionY": -1.324074,
      "ColourThemeName": "Red"
    },
    {
      "Name": "Pin",
      "ID": 1074323976,
      "PositionY": -1.94444442,
      "ColourThemeName": "Red"
    },
    {
      "Name": "Pin",
      "ID": 1377039607,
      "PositionY": -2.58333325,
      "ColourThemeName": "Red"
    },
    {
      "Name": "NEGATE",
      "ID": 1049288430,
      "PositionY": 3.518519,
      "ColourThemeName": "Red"
    }
  ],
  "OutputPins": [
    {
      "Name": "Pin",
      "ID": 1752495084,
      "PositionY": 4.59259272,
      "ColourThemeName": "Red"
    },
    {
      "Name": "Pin",
      "ID": 1398433596,
      "PositionY": 4.27777767,
      "ColourThemeName": "Red"
    },
    {
      "Name": "Pin",
      "ID": 1474548422,
      "PositionY": 3.95370364,
      "ColourThemeName": "Red"
    },
    {
      "Name": "Pin",
      "ID": 909296484,
      "PositionY": 3.60185218,
      "ColourThemeName": "Red"
    },
    {
      "Name": "Pin",
      "ID": 59239920,
      "PositionY": 3.287037,
      "ColourThemeName": "Red"
    },
    {
      "Name": "Pin",
      "ID": 2140501497,
      "PositionY": 3.018518,
      "ColourThemeName": "Red"
    },
    {
      "Name": "Pin",
      "ID": 1488686582,
      "PositionY": 2.73148179,
      "ColourThemeName": "Red"
    },
    {
      "Name": "Pin",
      "ID": 616778496,
      "PositionY": 2.42592573,
      "ColourThemeName": "Red"
    },
    {
      "Name": "Pin",
      "ID": 1789510623,
      "PositionY": 1.65740728,
      "ColourThemeName": "Red"
    },
    {
      "Name": "Pin",
      "ID": 840141291,
      "PositionY": 1.27777755,
      "ColourThemeName": "Red"
    },
    {
      "Name": "Pin",
      "ID": 1221922212,
      "PositionY": 0.9074074,
      "ColourThemeName": "Red"
    },
    {
      "Name": "Pin",
      "ID": 1934194284,
      "PositionY": 0.5740738,
      "ColourThemeName": "Red"
    },
    {
      "Name": "Pin",
      "ID": 1294768367,
      "PositionY": 0.222222209,
      "ColourThemeName": "Red"
    },
    {
      "Name": "Pin",
      "ID": 110214599,
      "PositionY": -0.148148239,
      "ColourThemeName": "Red"
    },
    {
      "Name": "Pin",
      "ID": 1424019921,
      "PositionY": -0.5277777,
      "ColourThemeName": "Red"
    },
    {
      "Name": "Pin",
      "ID": 878039282,
      "PositionY": -0.9074074,
      "ColourThemeName": "Red"
    },
    {
      "Name": "Pin",
      "ID": 270821865,
      "PositionY": -1.85185194,
      "ColourThemeName": "Red"
    },
    {
      "Name": "Pin",
      "ID": 1590007177,
      "PositionY": -2.18518519,
      "ColourThemeName": "Red"
    },
    {
      "Name": "Pin",
      "ID": 589126540,
      "PositionY": -2.527778,
      "ColourThemeName": "Red"
    },
    {
      "Name": "Pin",
      "ID": 28754963,
      "PositionY": -2.88888884,
      "ColourThemeName": "Red"
    },
    {
      "Name": "Pin",
      "ID": 1017795409,
      "PositionY": -3.25,
      "ColourThemeName": "Red"
    },
    {
      "Name": "Pin",
      "ID": 357244719,
      "PositionY": -3.61111116,
      "ColourThemeName": "Red"
    },
    {
      "Name": "Pin",
      "ID": 694819938,
      "PositionY": -3.95370364,
      "ColourThemeName": "Red"
    },
    {
      "Name": "Pin",
      "ID": 2079649698,
      "PositionY": -1.51851869,
      "ColourThemeName": "Red"
    }
  ],
  "SubChips": [
    {
      "Name": "DOUBLE DABBLE",
      "ID": 1777799888,
      "Points": [
        {
          "X": -2.06481457,
          "Y": -0.101851821
        }
      ],
      "Data": null
    },
    {
      "Name": "NEGATE",
      "ID": 123054220,
      "Points": [
        {
          "X": -4.768519,
          "Y": -0.009259284
        }
      ],
      "Data": null
    },
    {
      "Name": "DIGIT DISPLAY",
      "ID": 10344275,
      "Points": [
        {
          "X": 1.537037,
          "Y": 2.63759279
        }
      ],
      "Data": null
    },
    {
      "Name": "DIGIT DISPLAY",
      "ID": 386714668,
      "Points": [
        {
          "X": 1.537037,
          "Y": 0.0925928354
        }
      ],
      "Data": null
    },
    {
      "Name": "DIGIT DISPLAY",
      "ID": 1284513146,
      "Points": [
        {
          "X": 1.56481481,
          "Y": -2.5172224
        }
      ],
      "Data": null
    },
    {
      "Name": "NOT",
      "ID": 918540526,
      "Points": [
        {
          "X": -2.44444442,
          "Y": 2.648148
        }
      ],
      "Data": null
    }
  ],
  "Connections": [
    {
      "Source": {
        "PinType": 4,
        "SubChipID": 123054220,
        "PinID": 1971425006
      },
      "Target": {
        "PinType": 3,
        "SubChipID": 1777799888,
        "PinID": 1473732157
      },
      "WirePoints": [
        {
          "X": -4.068519,
          "Y": 0.9507408
        },
        {
          "X": -2.76481462,
          "Y": 1.21814823
        }
      ],
      "ColourThemeName": "Red"
    },
    {
      "Source": {
        "PinType": 4,
        "SubChipID": 123054220,
        "PinID": 1599027788
      },
      "Target": {
        "PinType": 3,
        "SubChipID": 1777799888,
        "PinID": 51334957
      },
      "WirePoints": [
        {
          "X": -4.068519,
          "Y": 0.6764551
        },
        {
          "X": -2.76481462,
          "Y": 0.8410053
        }
      ],
      "ColourThemeName": "Red"
    },
    {
      "Source": {
        "PinType": 4,
        "SubChipID": 123054220,
        "PinID": 461926947
      },
      "Target": {
        "PinType": 3,
        "SubChipID": 1777799888,
        "PinID": 1702309572
      },
      "WirePoints": [
        {
          "X": -4.068519,
          "Y": 0.402169317
        },
        {
          "X": -2.76481462,
          "Y": 0.463862479
        }
      ],
      "ColourThemeName": "Red"
    },
    {
      "Source": {
        "PinType": 4,
        "SubChipID": 123054220,
        "PinID": 1757341665
      },
      "Target": {
        "PinType": 3,
        "SubChipID": 1777799888,
        "PinID": 1565392449
      },
      "WirePoints": [
        {
          "X": -4.068519,
          "Y": 0.127883583
        },
        {
          "X": -2.76481462,
          "Y": 0.0867196
        }
      ],
      "ColourThemeName": "Red"
    },
    {
      "Source": {
        "PinType": 4,
        "SubChipID": 123054220,
        "PinID": 1102531585
      },
      "Target": {
        "PinType": 3,
        "SubChipID": 1777799888,
        "PinID": 51723576
      },
      "WirePoints": [
        {
          "X": -4.068519,
          "Y": -0.14640221
        },
        {
          "X": -2.76481462,
          "Y": -0.290423334
        }
      ],
      "ColourThemeName": "Red"
    },
    {
      "Source": {
        "PinType": 4,
        "SubChipID": 123054220,
        "PinID": 1544830390
      },
      "Target": {
        "PinType": 3,
        "SubChipID": 1777799888,
        "PinID": 1541524062
      },
      "WirePoints": [
        {
          "X": -4.068519,
          "Y": -0.420687944
        },
        {
          "X": -2.76481462,
          "Y": -0.6675662
        }
      ],
      "ColourThemeName": "Red"
    },
    {
      "Source": {
        "PinType": 4,
        "SubChipID": 123054220,
        "PinID": 119882908
      },
      "Target": {
        "PinType": 3,
        "SubChipID": 1777799888,
        "PinID": 232804778
      },
      "WirePoints": [
        {
          "X": -4.068519,
          "Y": -0.694973648
        },
        {
          "X": -2.76481462,
          "Y": -1.044709
        }
      ],
      "ColourThemeName": "Red"
    },
    {
      "Source": {
        "PinType": 4,
        "SubChipID": 123054220,
        "PinID": 2031193643
      },
      "Target": {
        "PinType": 3,
        "SubChipID": 1777799888,
        "PinID": 1702503806
      },
      "WirePoints": [
        {
          "X": -4.068519,
          "Y": -0.9692594
        },
        {
          "X": -2.76481462,
          "Y": -1.42185187
        }
      ],
      "ColourThemeName": "Red"
    },
    {
      "Source": {
        "PinType": 4,
        "SubChipID": 1777799888,
        "PinID": 735814537
      },
      "Target": {
        "PinType": 3,
        "SubChipID": 10344275,
        "PinID": 1999277335
      },
      "WirePoints": [
        {
          "X": -1.36481452,
          "Y": 1.21814823
        },
        {
          "X": 0.762037039,
          "Y": 3.28559279
        }
      ],
      "ColourThemeName": "Red"
    },
    {
      "Source": {
        "PinType": 4,
        "SubChipID": 1777799888,
        "PinID": 1569218452
      },
      "Target": {
        "PinType": 3,
        "SubChipID": 10344275,
        "PinID": 1357298049
      },
      "WirePoints": [
        {
          "X": -1.36481452,
          "Y": 0.9781482
        },
        {
          "X": 0.762037039,
          "Y": 2.85359287
        }
      ],
      "ColourThemeName": "Red"
    },
    {
      "Source": {
        "PinType": 4,
        "SubChipID": 1777799888,
        "PinID": 299276277
      },
      "Target": {
        "PinType": 3,
        "SubChipID": 10344275,
        "PinID": 1127544938
      },
      "WirePoints": [
        {
          "X": -1.36481452,
          "Y": 0.7381482
        },
        {
          "X": 0.762037039,
          "Y": 2.42159271
        }
      ],
      "ColourThemeName": "Red"
    },
    {
      "Source": {
        "PinType": 4,
        "SubChipID": 1777799888,
        "PinID": 1505536423
      },
      "Target": {
        "PinType": 3,
        "SubChipID": 10344275,
        "PinID": 1554020288
      },
      "WirePoints": [
        {
          "X": -1.36481452,
          "Y": 0.4981482
        },
        {
          "X": 0.762037039,
          "Y": 1.98959267
        }
      ],
      "ColourThemeName": "Red"
    },
    {
      "Source": {
        "PinType": 4,
        "SubChipID": 1777799888,
        "PinID": 1608010329
      },
      "Target": {
        "PinType": 3,
        "SubChipID": 386714668,
        "PinID": 1999277335
      },
      "WirePoints": [
        {
          "X": -1.36481452,
          "Y": 0.258148164
        },
        {
          "X": 0.762037039,
          "Y": 0.7405929
        }
      ],
      "ColourThemeName": "Red"
    },
    {
      "Source": {
        "PinType": 4,
        "SubChipID": 1777799888,
        "PinID": 548780208
      },
      "Target": {
        "PinType": 3,
        "SubChipID": 386714668,
        "PinID": 1357298049
      },
      "WirePoints": [
        {
          "X": -1.36481452,
          "Y": 0.0181481466
        },
        {
          "X": 0.762037039,
          "Y": 0.308592856
        }
      ],
      "ColourThemeName": "Red"
    },
    {
      "Source": {
        "PinType": 4,
        "SubChipID": 1777799888,
        "PinID": 1811182613
      },
      "Target": {
        "PinType": 3,
        "SubChipID": 386714668,
        "PinID": 1127544938
      },
      "WirePoints": [
        {
          "X": -1.36481452,
          "Y": -0.22185187
        },
        {
          "X": 0.762037039,
          "Y": -0.123407245
        }
      ],
      "ColourThemeName": "Red"
    },
    {
      "Source": {
        "PinType": 4,
        "SubChipID": 1777799888,
        "PinID": 476649220
      },
      "Target": {
        "PinType": 3,
        "SubChipID": 386714668,
        "PinID": 1554020288
      },
      "WirePoints": [
        {
          "X": -1.36481452,
          "Y": -0.4618518
        },
        {
          "X": 0.762037039,
          "Y": -0.5554073
        }
      ],
      "ColourThemeName": "Red"
    },
    {
      "Source": {
        "PinType": 4,
        "SubChipID": 1777799888,
        "PinID": 332917813
      },
      "Target": {
        "PinType": 3,
        "SubChipID": 1284513146,
        "PinID": 1999277335
      },
      "WirePoints": [
        {
          "X": -1.36481452,
          "Y": -0.7018519
        },
        {
          "X": 0.78981483,
          "Y": -1.8692224
        }
      ],
      "ColourThemeName": "Red"
    },
    {
      "Source": {
        "PinType": 4,
        "SubChipID": 1777799888,
        "PinID": 416211064
      },
      "Target": {
        "PinType": 3,
        "SubChipID": 1284513146,
        "PinID": 1357298049
      },
      "WirePoints": [
        {
          "X": -1.36481452,
          "Y": -0.941851854
        },
        {
          "X": 0.78981483,
          "Y": -2.30122232
        }
      ],
      "ColourThemeName": "Red"
    },
    {
      "Source": {
        "PinType": 4,
        "SubChipID": 1777799888,
        "PinID": 191558973
      },
      "Target": {
        "PinType": 3,
        "SubChipID": 1284513146,
        "PinID": 1127544938
      },
      "WirePoints": [
        {
          "X": -1.36481452,
          "Y": -1.181852
        },
        {
          "X": 0.78981483,
          "Y": -2.73322248
        }
      ],
      "ColourThemeName": "Red"
    },
    {
      "Source": {
        "PinType": 4,
        "SubChipID": 1777799888,
        "PinID": 804565635
      },
      "Target": {
        "PinType": 3,
        "SubChipID": 1284513146,
        "PinID": 1554020288
      },
      "WirePoints": [
        {
          "X": -1.36481452,
          "Y": -1.42185187
        },
        {
          "X": 0.78981483,
          "Y": -3.16522264
        }
      ],
      "ColourThemeName": "Red"
    },
    {
      "Source": {
        "PinType": 4,
        "SubChipID": 918540526,
        "PinID": 1
      },
      "Target": {
        "PinType": 3,
        "SubChipID": 10344275,
        "PinID": 1381729961
      },
      "WirePoints": [
        {
          "X": -1.89444447,
          "Y": 2.648148
        },
        {
          "X": 0.762037039,
          "Y": 3.717593
        }
      ],
      "ColourThemeName": "Red"
    },
    {
      "Source": {
        "PinType": 4,
        "SubChipID": 918540526,
        "PinID": 1
      },
      "Target": {
        "PinType": 3,
        "SubChipID": 10344275,
        "PinID": 2136235231
      },
      "WirePoints": [
        {
          "X": -1.89444447,
          "Y": 2.648148
        },
        {
          "X": 0.762037039,
          "Y": 1.55759263
        }
      ],
      "ColourThemeName": "Red"
    },
    {
      "Source": {
        "PinType": 4,
        "SubChipID": 10344275,
        "PinID": 1832324725
      },
      "Target": {
        "PinType": 3,
        "SubChipID": 386714668,
        "PinID": 2136235231
      },
      "WirePoints": [
        {
          "X": 2.312037,
          "Y": 1.79759264
        },
        {
          "X": 0.762037039,
          "Y": -0.9874073
        }
      ],
      "ColourThemeName": "Red"
    },
    {
      "Source": {
        "PinType": 4,
        "SubChipID": 10344275,
        "PinID": 961159511
      },
      "Target": {
        "PinType": 3,
        "SubChipID": 386714668,
        "PinID": 1381729961
      },
      "WirePoints": [
        {
          "X": 2.312037,
          "Y": 1.55759263
        },
        {
          "X": 0.762037039,
          "Y": 1.172593
        }
      ],
      "ColourThemeName": "Red"
    },
    {
      "Source": {
        "PinType": 4,
        "SubChipID": 386714668,
        "PinID": 961159511
      },
      "Target": {
        "PinType": 3,
        "SubChipID": 1284513146,
        "PinID": 1381729961
      },
      "WirePoints": [
        {
          "X": 2.312037,
          "Y": -0.9874073
        },
        {
          "X": 0.78981483,
          "Y": -1.43722224
        }
      ],
      "ColourThemeName": "Red"
    },
    {
      "Source": {
        "PinType": 4,
        "SubChipID": 10344275,
        "PinID": 1963546176
      },
      "Target": {
        "PinType": 2,
        "SubChipID": 0,
        "PinID": 1752495084
      },
      "WirePoints": [
        {
          "X": 2.312037,
          "Y": 3.717593
        },
        {
          "X": 7.837778,
          "Y": 4.59259272
        }
      ],
      "ColourThemeName": "Red"
    },
    {
      "Source": {
        "PinType": 4,
        "SubChipID": 10344275,
        "PinID": 1862492268
      },
      "Target": {
        "PinType": 2,
        "SubChipID": 0,
        "PinID": 1398433596
      },
      "WirePoints": [
        {
          "X": 2.312037,
          "Y": 3.477593
        },
        {
          "X": 7.837778,
          "Y": 4.27777767
        }
      ],
      "ColourThemeName": "Red"
    },
    {
      "Source": {
        "PinType": 4,
        "SubChipID": 10344275,
        "PinID": 1693668345
      },
      "Target": {
        "PinType": 2,
        "SubChipID": 0,
        "PinID": 1474548422
      },
      "WirePoints": [
        {
          "X": 2.312037,
          "Y": 3.237593
        },
        {
          "X": 7.837778,
          "Y": 3.95370364
        }
      ],
      "ColourThemeName": "Red"
    },
    {
      "Source": {
        "PinType": 4,
        "SubChipID": 10344275,
        "PinID": 179771909
      },
      "Target": {
        "PinType": 2,
        "SubChipID": 0,
        "PinID": 909296484
      },
      "WirePoints": [
        {
          "X": 2.312037,
          "Y": 2.997593
        },
        {
          "X": 7.837778,
          "Y": 3.60185218
        }
      ],
      "ColourThemeName": "Red"
    },
    {
      "Source": {
        "PinType": 4,
        "SubChipID": 10344275,
        "PinID": 928406453
      },
      "Target": {
        "PinType": 2,
        "SubChipID": 0,
        "PinID": 59239920
      },
      "WirePoints": [
        {
          "X": 2.312037,
          "Y": 2.757593
        },
        {
          "X": 7.837778,
          "Y": 3.287037
        }
      ],
      "ColourThemeName": "Red"
    },
    {
      "Source": {
        "PinType": 4,
        "SubChipID": 10344275,
        "PinID": 821758407
      },
      "Target": {
        "PinType": 2,
        "SubChipID": 0,
        "PinID": 2140501497
      },
      "WirePoints": [
        {
          "X": 2.312037,
          "Y": 2.51759267
        },
        {
          "X": 7.837778,
          "Y": 3.018518
        }
      ],
      "ColourThemeName": "Red"
    },
    {
      "Source": {
        "PinType": 4,
        "SubChipID": 10344275,
        "PinID": 224156810
      },
      "Target": {
        "PinType": 2,
        "SubChipID": 0,
        "PinID": 1488686582
      },
      "WirePoints": [
        {
          "X": 2.312037,
          "Y": 2.27759266
        },
        {
          "X": 7.837778,
          "Y": 2.73148179
        }
      ],
      "ColourThemeName": "Red"
    },
    {
      "Source": {
        "PinType": 4,
        "SubChipID": 10344275,
        "PinID": 985558893
      },
      "Target": {
        "PinType": 2,
        "SubChipID": 0,
        "PinID": 616778496
      },
      "WirePoints": [
        {
          "X": 2.312037,
          "Y": 2.03759265
        },
        {
          "X": 7.837778,
          "Y": 2.42592573
        }
      ],
      "ColourThemeName": "Red"
    },
    {
      "Source": {
        "PinType": 4,
        "SubChipID": 386714668,
        "PinID": 1963546176
      },
      "Target": {
        "PinType": 2,
        "SubChipID": 0,
        "PinID": 1789510623
      },
      "WirePoints": [
        {
          "X": 2.312037,
          "Y": 1.172593
        },
        {
          "X": 7.837778,
          "Y": 1.65740728
        }
      ],
      "ColourThemeName": "Red"
    },
    {
      "Source": {
        "PinType": 4,
        "SubChipID": 386714668,
        "PinID": 1862492268
      },
      "Target": {
        "PinType": 2,
        "SubChipID": 0,
        "PinID": 840141291
      },
      "WirePoints": [
        {
          "X": 2.312037,
          "Y": 0.932593
        },
        {
          "X": 7.837778,
          "Y": 1.27777755
        }
      ],
      "ColourThemeName": "Red"
    },
    {
      "Source": {
        "PinType": 4,
        "SubChipID": 386714668,
        "PinID": 1693668345
      },
      "Target": {
        "PinType": 2,
        "SubChipID": 0,
        "PinID": 1221922212
      },
      "WirePoints": [
        {
          "X": 2.312037,
          "Y": 0.6925929
        },
        {
          "X": 7.837778,
          "Y": 0.9074074
        }
      ],
      "ColourThemeName": "Red"
    },
    {
      "Source": {
        "PinType": 4,
        "SubChipID": 386714668,
        "PinID": 179771909
      },
      "Target": {
        "PinType": 2,
        "SubChipID": 0,
        "PinID": 1934194284
      },
      "WirePoints": [
        {
          "X": 2.312037,
          "Y": 0.45259288
        },
        {
          "X": 7.837778,
          "Y": 0.5740738
        }
      ],
      "ColourThemeName": "Red"
    },
    {
      "Source": {
        "PinType": 4,
        "SubChipID": 386714668,
        "PinID": 928406453
      },
      "Target": {
        "PinType": 2,
        "SubChipID": 0,
        "PinID": 1294768367
      },
      "WirePoints": [
        {
          "X": 2.312037,
          "Y": 0.21259284
        },
        {
          "X": 7.837778,
          "Y": 0.222222209
        }
      ],
      "ColourThemeName": "Red"
    },
    {
      "Source": {
        "PinType": 4,
        "SubChipID": 386714668,
        "PinID": 821758407
      },
      "Target": {
        "PinType": 2,
        "SubChipID": 0,
        "PinID": 110214599
      },
      "WirePoints": [
        {
          "X": 2.312037,
          "Y": -0.0274072364
        },
        {
          "X": 7.837778,
          "Y": -0.148148239
        }
      ],
      "ColourThemeName": "Red"
    },
    {
      "Source": {
        "PinType": 4,
        "SubChipID": 386714668,
        "PinID": 224156810
      },
      "Target": {
        "PinType": 2,
        "SubChipID": 0,
        "PinID": 1424019921
      },
      "WirePoints": [
        {
          "X": 2.312037,
          "Y": -0.267407268
        },
        {
          "X": 7.837778,
          "Y": -0.5277777
        }
      ],
      "ColourThemeName": "Red"
    },
    {
      "Source": {
        "PinType": 4,
        "SubChipID": 386714668,
        "PinID": 985558893
      },
      "Target": {
        "PinType": 2,
        "SubChipID": 0,
        "PinID": 878039282
      },
      "WirePoints": [
        {
          "X": 2.312037,
          "Y": -0.5074073
        },
        {
          "X": 7.837778,
          "Y": -0.9074074
        }
      ],
      "ColourThemeName": "Red"
    },
    {
      "Source": {
        "PinType": 4,
        "SubChipID": 1284513146,
        "PinID": 1963546176
      },
      "Target": {
        "PinType": 2,
        "SubChipID": 0,
        "PinID": 2079649698
      },
      "WirePoints": [
        {
          "X": 2.33981466,
          "Y": -1.43722224
        },
        {
          "X": 7.837778,
          "Y": -1.51851869
        }
      ],
      "ColourThemeName": "Red"
    },
    {
      "Source": {
        "PinType": 4,
        "SubChipID": 1284513146,
        "PinID": 1862492268
      },
      "Target": {
        "PinType": 2,
        "SubChipID": 0,
        "PinID": 270821865
      },
      "WirePoints": [
        {
          "X": 2.33981466,
          "Y": -1.67722225
        },
        {
          "X": 7.837778,
          "Y": -1.85185194
        }
      ],
      "ColourThemeName": "Red"
    },
    {
      "Source": {
        "PinType": 4,
        "SubChipID": 1284513146,
        "PinID": 1693668345
      },
      "Target": {
        "PinType": 2,
        "SubChipID": 0,
        "PinID": 1590007177
      },
      "WirePoints": [
        {
          "X": 2.33981466,
          "Y": -1.91722226
        },
        {
          "X": 7.837778,
          "Y": -2.18518519
        }
      ],
      "ColourThemeName": "Red"
    },
    {
      "Source": {
        "PinType": 4,
        "SubChipID": 1284513146,
        "PinID": 179771909
      },
      "Target": {
        "PinType": 2,
        "SubChipID": 0,
        "PinID": 589126540
      },
      "WirePoints": [
        {
          "X": 2.33981466,
          "Y": -2.15722227
        },
        {
          "X": 7.837778,
          "Y": -2.527778
        }
      ],
      "ColourThemeName": "Red"
    },
    {
      "Source": {
        "PinType": 4,
        "SubChipID": 1284513146,
        "PinID": 928406453
      },
      "Target": {
        "PinType": 2,
        "SubChipID": 0,
        "PinID": 28754963
      },
      "WirePoints": [
        {
          "X": 2.33981466,
          "Y": -2.39722228
        },
        {
          "X": 7.837778,
          "Y": -2.88888884
        }
      ],
      "ColourThemeName": "Red"
    },
    {
      "Source": {
        "PinType": 4,
        "SubChipID": 1284513146,
        "PinID": 821758407
      },
      "Target": {
        "PinType": 2,
        "SubChipID": 0,
        "PinID": 1017795409
      },
      "WirePoints": [
        {
          "X": 2.33981466,
          "Y": -2.63722253
        },
        {
          "X": 7.837778,
          "Y": -3.25
        }
      ],
      "ColourThemeName": "Red"
    },
    {
      "Source": {
        "PinType": 4,
        "SubChipID": 1284513146,
        "PinID": 224156810
      },
      "Target": {
        "PinType": 2,
        "SubChipID": 0,
        "PinID": 357244719
      },
      "WirePoints": [
        {
          "X": 2.33981466,
          "Y": -2.87722254
        },
        {
          "X": 7.837778,
          "Y": -3.61111116
        }
      ],
      "ColourThemeName": "Red"
    },
    {
      "Source": {
        "PinType": 4,
        "SubChipID": 1284513146,
        "PinID": 985558893
      },
      "Target": {
        "PinType": 2,
        "SubChipID": 0,
        "PinID": 694819938
      },
      "WirePoints": [
        {
          "X": 2.33981466,
          "Y": -3.11722255
        },
        {
          "X": 7.837778,
          "Y": -3.95370364
        }
      ],
      "ColourThemeName": "Red"
    },
    {
      "Source": {
        "PinType": 1,
        "SubChipID": 0,
        "PinID": 1049288430
      },
      "Target": {
        "PinType": 3,
        "SubChipID": 123054220,
        "PinID": 1709110471
      },
      "WirePoints": [
        {
          "X": -7.837778,
          "Y": 3.518519
        },
        {
          "X": -5.46851873,
          "Y": 0.9507408
        }
      ],
      "ColourThemeName": "Red"
    },
    {
      "Source": {
        "PinType": 1,
        "SubChipID": 0,
        "PinID": 1617406113
      },
      "Target": {
        "PinType": 3,
        "SubChipID": 123054220,
        "PinID": 280850403
      },
      "WirePoints": [
        {
          "X": -7.837778,
          "Y": 2.037037
        },
        {
          "X": -5.46851873,
          "Y": 0.7107408
        }
      ],
      "ColourThemeName": "Red"
    },
    {
      "Source": {
        "PinType": 1,
        "SubChipID": 0,
        "PinID": 1028311677
      },
      "Target": {
        "PinType": 3,
        "SubChipID": 123054220,
        "PinID": 1367312422
      },
      "WirePoints": [
        {
          "X": -7.837778,
          "Y": 1.3611114
        },
        {
          "X": -5.46851873,
          "Y": 0.470740765
        }
      ],
      "ColourThemeName": "Red"
    },
    {
      "Source": {
        "PinType": 1,
        "SubChipID": 0,
        "PinID": 1429250351
      },
      "Target": {
        "PinType": 3,
        "SubChipID": 123054220,
        "PinID": 1978026926
      },
      "WirePoints": [
        {
          "X": -7.837778,
          "Y": 0.6851852
        },
        {
          "X": -5.46851873,
          "Y": 0.230740741
        }
      ],
      "ColourThemeName": "Red"
    },
    {
      "Source": {
        "PinType": 1,
        "SubChipID": 0,
        "PinID": 2059298601
      },
      "Target": {
        "PinType": 3,
        "SubChipID": 123054220,
        "PinID": 1286466817
      },
      "WirePoints": [
        {
          "X": -7.837778,
          "Y": 0.0370371342
        },
        {
          "X": -5.46851873,
          "Y": -0.009259284
        }
      ],
      "ColourThemeName": "Red"
    },
    {
      "Source": {
        "PinType": 1,
        "SubChipID": 0,
        "PinID": 1975465390
      },
      "Target": {
        "PinType": 3,
        "SubChipID": 123054220,
        "PinID": 1166068671
      },
      "WirePoints": [
        {
          "X": -7.837778,
          "Y": -0.6203705
        },
        {
          "X": -5.46851873,
          "Y": -0.249259308
        }
      ],
      "ColourThemeName": "Red"
    },
    {
      "Source": {
        "PinType": 1,
        "SubChipID": 0,
        "PinID": 140121719
      },
      "Target": {
        "PinType": 3,
        "SubChipID": 123054220,
        "PinID": 1154166868
      },
      "WirePoints": [
        {
          "X": -7.837778,
          "Y": -1.324074
        },
        {
          "X": -5.46851873,
          "Y": -0.489259332
        }
      ],
      "ColourThemeName": "Red"
    },
    {
      "Source": {
        "PinType": 1,
        "SubChipID": 0,
        "PinID": 1074323976
      },
      "Target": {
        "PinType": 3,
        "SubChipID": 123054220,
        "PinID": 2138029146
      },
      "WirePoints": [
        {
          "X": -7.837778,
          "Y": -1.94444442
        },
        {
          "X": -5.46851873,
          "Y": -0.7292594
        }
      ],
      "ColourThemeName": "Red"
    },
    {
      "Source": {
        "PinType": 1,
        "SubChipID": 0,
        "PinID": 1377039607
      },
      "Target": {
        "PinType": 3,
        "SubChipID": 123054220,
        "PinID": 1553627225
      },
      "WirePoints": [
        {
          "X": -7.837778,
          "Y": -2.58333325
        },
        {
          "X": -5.46851873,
          "Y": -0.9692594
        }
      ],
      "ColourThemeName": "Red"
    }
  ]
}