{
  "Name": "DOUBLE DABBLE",
  "Colour": "#491D41",
  "InputPins": [
    {
      "Name": "Pin",
      "ID": 51334957,
      "PositionY": 2.41666675,
      "ColourThemeName": "Red"
    },
    {
      "Name": "Pin",
      "ID": 1702309572,
      "PositionY": 1.66666687,
      "ColourThemeName": "Red"
    },
    {
      "Name": "Pin",
      "ID": 1565392449,
      "PositionY": 0.8611113,
      "ColourThemeName": "Red"
    },
    {
      "Name": "Pin",
      "ID": 51723576,
      "PositionY": 0.1111114,
      "ColourThemeName": "Red"
    },
    {
      "Name": "Pin",
      "ID": 1541524062,
      "PositionY": -0.657407343,
      "ColourThemeName": "Red"
    },
    {
      "Name": "Pin",
      "ID": 232804778,
      "PositionY": -1.35185182,
      "ColourThemeName": "Red"
    },
    {
      "Name": "Pin",
      "ID": 1702503806,
      "PositionY": -2.04629636,
      "ColourThemeName": "Red"
    },
    {
      "Name": "Pin",
      "ID": 1473732157,
      "PositionY": 3.101852,
      "ColourThemeName": "Red"
    }
  ],
  "OutputPins": [
    {
      "Name": "HUNDREDS 3",
      "ID": 735814537,
      "PositionY": 3.72222257,
      "ColourThemeName": "Red"
    },
    {
      "Name": "HUNDREDS 2",
      "ID": 1569218452,
      "PositionY": 3.05555534,
      "ColourThemeName": "Red"
    },
    {
      "Name": "HUNDREDS 1",
      "ID": 299276277,
      "PositionY": 2.38888884,
      "ColourThemeName": "Red"
    },
    {
      "Name": "HUNDREDS 0",
      "ID": 1505536423,
      "PositionY": 1.76851869,
      "ColourThemeName": "Red"
    },
    {
      "Name": "TENS 3",
      "ID": 1608010329,
      "PositionY": 0.9722221,
      "ColourThemeName": "Red"
    },
    {
      "Name": "TENS 2",
      "ID": 548780208,
      "PositionY": 0.3333333,
      "ColourThemeName": "Red"
    },
    {
      "Name": "TENS 1",
      "ID": 1811182613,
      "PositionY": -0.3425926,
      "ColourThemeName": "Red"
    },
    {
      "Name": "TENS 0",
      "ID": 476649220,
      "PositionY": -1.0,
      "ColourThemeName": "Red"
    },
    {
      "Name": "ONES 3",
      "ID": 332917813,
      "PositionY": -1.90740728,
      "ColourThemeName": "Red"
    },
    {
      "Name": "ONES 2",
      "ID": 416211064,
      "PositionY": -2.62037039,
      "ColourThemeName": "Red"
    },
    {
      "Name": "ONES 1",
      "ID": 191558973,
      "PositionY": -3.24074078,
      "ColourThemeName": "Red"
    },
    {
      "Name": "ONES 0",
      "ID": 804565635,
      "PositionY": -3.87962961,
      "ColourThemeName": "Red"
    }
  ],
  "SubChips": [
    {
      "Name": "DABBLE",
      "ID": 1913559842,
      "Points": [
        {
          "X": -4.768519,
          "Y": 1.99999988
        }
      ],
      "Data": null
    },
    {
      "Name": "DABBLE",
      "ID": 700234042,
      "Points": [
        {
          "X": -2.56481433,
          "Y": 1.17592573
        }
      ],
      "Data": null
    },
    {
      "Name": "DABBLE",
      "ID": 729623877,
      "Points": [
        {
          "X": -0.101851895,
          "Y": 0.249999762
        }
      ],
      "Data": null
    },
    {
      "Name": "DABBLE",
      "ID": 755710429,
      "Points": [
        {
          "X": 2.52777767,
          "Y": 0.978426456
        }
      ],
      "Data": null
    },
    {
      "Name": "DABBLE",
      "ID": 1809087752,
      "Points": [
        {
          "X": 2.54629469,
          "Y": -0.330277443
        }
      ],
      "Data": null
    },
    {
      "Name": "DABBLE",
      "ID": 880904572,
      "Points": [
        {
          "X": 4.555556,
          "Y": 0.413611352
        }
      ],
      "Data": null
    },
    {
      "Name": "DABBLE",
      "ID": 2095480759,
      "Points": [
        {
          "X": 4.64814854,
          "Y": -0.9506484
        }
      ],
      "Data": null
    }
  ],
  "Connections": [
    {
      "Source": {
        "PinType": 1,
        "SubChipID": 0,
        "PinID": 1473732157
      },
      "Target": {
        "PinType": 3,
        "SubChipID": 1913559842,
        "PinID": 893613215
      },
      "WirePoints": [
        {
          "X": -7.837778,
          "Y": 3.101852
        },
        {
          "X": -6.370371,
          "Y": 3.101852
        },
        {
          "X": -6.370371,
          "Y": 2.1018517
        },
        {
          "X": -5.46851873,
          "Y": 2.12
        }
      ],
      "ColourThemeName": "Red"
    },
    {
      "Source": {
        "PinType": 1,
        "SubChipID": 0,
        "PinID": 51334957
      },
      "Target": {
        "PinType": 3,
        "SubChipID": 1913559842,
        "PinID": 1035194178
      },
      "WirePoints": [
        {
          "X": -7.837778,
          "Y": 2.41666675
        },
        {
          "X": -6.555556,
          "Y": 2.41666675
        },
        {
          "X": -6.555556,
          "Y": 1.91666663
        },
        {
          "X": -5.46851873,
          "Y": 1.87999988
        }
      ],
      "ColourThemeName": "Red"
    },
    {
      "Source": {
        "PinType": 1,
        "SubChipID": 0,
        "PinID": 1702309572
      },
      "Target": {
        "PinType": 3,
        "SubChipID": 1913559842,
        "PinID": 579027245
      },
      "WirePoints": [
        {
          "X": -7.837778,
          "Y": 1.66666687
        },
        {
          "X": -5.46851873,
          "Y": 1.63999987
        }
      ],
      "ColourThemeName": "Red"
    },
    {
      "Source": {
        "PinType": 1,
        "SubChipID": 0,
        "PinID": 1565392449
      },
      "Target": {
        "PinType": 3,
        "SubChipID": 700234042,
        "PinID": 579027245
      },
      "WirePoints": [
        {
          "X": -7.837778,
          "Y": 0.8611113
        },
        {
          "X": -3.26481438,
          "Y": 0.8159257
        }
      ],
      "ColourThemeName": "Red"
    },
    {
      "Source": {
        "PinType": 4,
        "SubChipID": 1913559842,
        "PinID": 1913519666
      },
      "Target": {
        "PinType": 3,
        "SubChipID": 700234042,
        "PinID": 893613215
      },
      "WirePoints": [
        {
          "X": -4.068519,
          "Y": 1.87999988
        },
        {
          "X": -3.50000024,
          "Y": 1.87999988
        },
        {
          "X": -3.50000024,
          "Y": 1.27777755
        },
        {
          "X": -3.26481438,
          "Y": 1.29592574
        }
      ],
      "ColourThemeName": "Red"
    },
    {
      "Source": {
        "PinType": 4,
        "SubChipID": 1913559842,
        "PinID": 1266343664
      },
      "Target": {
        "PinType": 3,
        "SubChipID": 700234042,
        "PinID": 1035194178
      },
      "WirePoints": [
        {
          "X": -4.068519,
          "Y": 1.63999987
        },
        {
          "X": -3.638889,
          "Y": 1.63999987
        },
        {
          "X": -3.638889,
          "Y": 1.07407391
        },
        {
          "X": -3.26481438,
          "Y": 1.05592573
        }
      ],
      "ColourThemeName": "Red"
    },
    {
      "Source": {
        "PinType": 4,
        "SubChipID": 1913559842,
        "PinID": 1963772458
      },
      "Target": {
        "PinType": 3,
        "SubChipID": 700234042,
        "PinID": 841499206
      },
      "WirePoints": [
        {
          "X": -4.068519,
          "Y": 2.12
        },
        {
          "X": -3.26851869,
          "Y": 2.12
        },
        {
          "X": -3.26481438,
          "Y": 1.53592575
        }
      ],
      "ColourThemeName": "Red"
    },
    {
      "Source": {
        "PinType": 4,
        "SubChipID": 700234042,
        "PinID": 1963772458
      },
      "Target": {
        "PinType": 3,
        "SubChipID": 729623877,
        "PinID": 841499206
      },
      "WirePoints": [
        {
          "X": -1.86481428,
          "Y": 1.29592574
        },
        {
          "X": -1.13888907,
          "Y": 1.29592574
        },
        {
          "X": -1.13888907,
          "Y": 0.60185194
        },
        {
          "X": -0.801851869,
          "Y": 0.6099998
        }
      ],
      "ColourThemeName": "Red"
    },
    {
      "Source": {
        "PinType": 4,
        "SubChipID": 700234042,
        "PinID": 1913519666
      },
      "Target": {
        "PinType": 3,
        "SubChipID": 729623877,
        "PinID": 893613215
      },
      "WirePoints": [
        {
          "X": -1.86481428,
          "Y": 1.05592573
        },
        {
          "X": -1.388889,
          "Y": 1.05592573
        },
        {
          "X": -1.388889,
          "Y": 0.351851583
        },
        {
          "X": -0.801851869,
          "Y": 0.369999766
        }
      ],
      "ColourThemeName": "Red"
    },
    {
      "Source": {
        "PinType": 4,
        "SubChipID": 700234042,
        "PinID": 1266343664
      },
      "Target": {
        "PinType": 3,
        "SubChipID": 729623877,
        "PinID": 1035194178
      },
      "WirePoints": [
        {
          "X": -1.86481428,
          "Y": 0.8159257
        },
        {
          "X": -1.58333361,
          "Y": 0.8159257
        },
        {
          "X": -1.58333361,
          "Y": 0.120370388
        },
        {
          "X": -0.801851869,
          "Y": 0.129999742
        }
      ],
      "ColourThemeName": "Red"
    },
    {
      "Source": {
        "PinType": 1,
        "SubChipID": 0,
        "PinID": 51723576
      },
      "Target": {
        "PinType": 3,
        "SubChipID": 729623877,
        "PinID": 579027245
      },
      "WirePoints": [
        {
          "X": -7.837778,
          "Y": 0.1111114
        },
        {
          "X": -1.77777779,
          "Y": 0.1111114
        },
        {
          "X": -1.77777779,
          "Y": -0.129629672
        },
        {
          "X": -0.801851869,
          "Y": -0.110000253
        }
      ],
      "ColourThemeName": "Red"
    },
    {
      "Source": {
        "PinType": 4,
        "SubChipID": 729623877,
        "PinID": 1196907753
      },
      "Target": {
        "PinType": 3,
        "SubChipID": 755710429,
        "PinID": 579027245
      },
      "WirePoints": [
        {
          "X": 0.5981481,
          "Y": 0.6099998
        },
        {
          "X": 1.82777762,
          "Y": 0.618426442
        }
      ],
      "ColourThemeName": "Red"
    },
    {
      "Source": {
        "PinType": 4,
        "SubChipID": 700234042,
        "PinID": 1196907753
      },
      "Target": {
        "PinType": 3,
        "SubChipID": 755710429,
        "PinID": 1035194178
      },
      "WirePoints": [
        {
          "X": -1.86481428,
          "Y": 1.53592575
        },
        {
          "X": -0.444444567,
          "Y": 1.53592575
        },
        {
          "X": -0.444444567,
          "Y": 0.870370269
        },
        {
          "X": 1.82777762,
          "Y": 0.858426452
        }
      ],
      "ColourThemeName": "Red"
    },
    {
      "Source": {
        "PinType": 4,
        "SubChipID": 1913559842,
        "PinID": 1196907753
      },
      "Target": {
        "PinType": 3,
        "SubChipID": 755710429,
        "PinID": 893613215
      },
      "WirePoints": [
        {
          "X": -4.068519,
          "Y": 2.36
        },
        {
          "X": 0.148148015,
          "Y": 2.36
        },
        {
          "X": 0.148148015,
          "Y": 1.101852
        },
        {
          "X": 1.82777762,
          "Y": 1.09842646
        }
      ],
      "ColourThemeName": "Red"
    },
    {
      "Source": {
        "PinType": 1,
        "SubChipID": 0,
        "PinID": 1541524062
      },
      "Target": {
        "PinType": 3,
        "SubChipID": 1809087752,
        "PinID": 579027245
      },
      "WirePoints": [
        {
          "X": -7.837778,
          "Y": -0.657407343
        },
        {
          "X": 1.84629464,
          "Y": -0.690277457
        }
      ],
      "ColourThemeName": "Red"
    },
    {
      "Source": {
        "PinType": 4,
        "SubChipID": 729623877,
        "PinID": 1963772458
      },
      "Target": {
        "PinType": 3,
        "SubChipID": 1809087752,
        "PinID": 841499206
      },
      "WirePoints": [
        {
          "X": 0.5981481,
          "Y": 0.369999766
        },
        {
          "X": 1.28703761,
          "Y": 0.369999766
        },
        {
          "X": 1.28703761,
          "Y": 0.0370371342
        },
        {
          "X": 1.84629464,
          "Y": 0.0297225714
        }
      ],
      "ColourThemeName": "Red"
    },
    {
      "Source": {
        "PinType": 4,
        "SubChipID": 729623877,
        "PinID": 1913519666
      },
      "Target": {
        "PinType": 3,
        "SubChipID": 1809087752,
        "PinID": 893613215
      },
      "WirePoints": [
        {
          "X": 0.5981481,
          "Y": 0.129999742
        },
        {
          "X": 1.11111116,
          "Y": 0.129999742
        },
        {
          "X": 1.11111116,
          "Y": -0.212962925
        },
        {
          "X": 1.84629464,
          "Y": -0.210277438
        }
      ],
      "ColourThemeName": "Red"
    },
    {
      "Source": {
        "PinType": 4,
        "SubChipID": 729623877,
        "PinID": 1266343664
      },
      "Target": {
        "PinType": 3,
        "SubChipID": 1809087752,
        "PinID": 1035194178
      },
      "WirePoints": [
        {
          "X": 0.5981481,
          "Y": -0.110000253
        },
        {
          "X": 0.9074074,
          "Y": -0.110000253
        },
        {
          "X": 0.9074074,
          "Y": -0.481481552
        },
        {
          "X": 1.84629464,
          "Y": -0.450277448
        }
      ],
      "ColourThemeName": "Red"
    },
    {
      "Source": {
        "PinType": 4,
        "SubChipID": 1809087752,
        "PinID": 1196907753
      },
      "Target": {
        "PinType": 3,
        "SubChipID": 880904572,
        "PinID": 579027245
      },
      "WirePoints": [
        {
          "X": 3.24629474,
          "Y": 0.0297225714
        },
        {
          "X": 3.85555577,
          "Y": 0.05361134
        }
      ],
      "ColourThemeName": "Red"
    },
    {
      "Source": {
        "PinType": 4,
        "SubChipID": 755710429,
        "PinID": 1963772458
      },
      "Target": {
        "PinType": 3,
        "SubChipID": 880904572,
        "PinID": 841499206
      },
      "WirePoints": [
        {
          "X": 3.22777772,
          "Y": 1.09842646
        },
        {
          "X": 3.67592621,
          "Y": 1.09842646
        },
        {
          "X": 3.67592621,
          "Y": 0.7407409
        },
        {
          "X": 3.85555577,
          "Y": 0.773611367
        }
      ],
      "ColourThemeName": "Red"
    },
    {
      "Source": {
        "PinType": 4,
        "SubChipID": 755710429,
        "PinID": 1913519666
      },
      "Target": {
        "PinType": 3,
        "SubChipID": 880904572,
        "PinID": 893613215
      },
      "WirePoints": [
        {
          "X": 3.22777772,
          "Y": 0.858426452
        },
        {
          "X": 3.54629636,
          "Y": 0.858426452
        },
        {
          "X": 3.54629636,
          "Y": 0.5740738
        },
        {
          "X": 3.85555577,
          "Y": 0.533611357
        }
      ],
      "ColourThemeName": "Red"
    },
    {
      "Source": {
        "PinType": 4,
        "SubChipID": 755710429,
        "PinID": 1266343664
      },
      "Target": {
        "PinType": 3,
        "SubChipID": 880904572,
        "PinID": 1035194178
      },
      "WirePoints": [
        {
          "X": 3.22777772,
          "Y": 0.618426442
        },
        {
          "X": 3.435185,
          "Y": 0.618426442
        },
        {
          "X": 3.435185,
          "Y": 0.268518329
        },
        {
          "X": 3.85555577,
          "Y": 0.293611348
        }
      ],
      "ColourThemeName": "Red"
    },
    {
      "Source": {
        "PinType": 4,
        "SubChipID": 1809087752,
        "PinID": 1963772458
      },
      "Target": {
        "PinType": 3,
        "SubChipID": 2095480759,
        "PinID": 841499206
      },
      "WirePoints": [
        {
          "X": 3.24629474,
          "Y": -0.210277438
        },
        {
          "X": 3.76851845,
          "Y": -0.210277438
        },
        {
          "X": 3.76851845,
          "Y": -0.5092594
        },
        {
          "X": 3.94814849,
          "Y": -0.5906484
        }
      ],
      "ColourThemeName": "Red"
    },
    {
      "Source": {
        "PinType": 4,
        "SubChipID": 1809087752,
        "PinID": 1913519666
      },
      "Target": {
        "PinType": 3,
        "SubChipID": 2095480759,
        "PinID": 893613215
      },
      "WirePoints": [
        {
          "X": 3.24629474,
          "Y": -0.450277448
        },
        {
          "X": 3.67592621,
          "Y": -0.450277448
        },
        {
          "X": 3.67592621,
          "Y": -0.787037
        },
        {
          "X": 3.94814849,
          "Y": -0.8306484
        }
      ],
      "ColourThemeName": "Red"
    },
    {
      "Source": {
        "PinType": 4,
        "SubChipID": 1809087752,
        "PinID": 1266343664
      },
      "Target": {
        "PinType": 3,
        "SubChipID": 2095480759,
        "PinID": 1035194178
      },
      "WirePoints": [
        {
          "X": 3.24629474,
          "Y": -0.690277457
        },
        {
          "X": 3.56481457,
          "Y": -0.690277457
        },
        {
          "X": 3.56481457,
          "Y": -0.99999994
        },
        {
          "X": 3.94814849,
          "Y": -1.07064843
        }
      ],
      "ColourThemeName": "Red"
    },
    {
      "Source": {
        "PinType": 1,
        "SubChipID": 0,
        "PinID": 232804778
      },
      "Target": {
        "PinType": 3,
        "SubChipID": 2095480759,
        "PinID": 579027245
      },
      "WirePoints": [
        {
          "X": -7.837778,
          "Y": -1.35185182
        },
        {
          "X": 3.94814849,
          "Y": -1.31064844
        }
      ],
      "ColourThemeName": "Red"
    },
    {
      "Source": {
        "PinType": 4,
        "SubChipID": 755710429,
        "PinID": 1196907753
      },
      "Target": {
        "PinType": 2,
        "SubChipID": 0,
        "PinID": 299276277
      },
      "WirePoints": [
        {
          "X": 3.22777772,
          "Y": 1.33842647
        },
        {
          "X": 6.71296358,
          "Y": 1.33842647
        },
        {
          "X": 6.71296358,
          "Y": 2.42592573
        },
        {
          "X": 7.837778,
          "Y": 2.38888884
        }
      ],
      "ColourThemeName": "Red"
    },
    {
      "Source": {
        "PinType": 4,
        "SubChipID": 880904572,
        "PinID": 1196907753
      },
      "Target": {
        "PinType": 2,
        "SubChipID": 0,
        "PinID": 1505536423
      },
      "WirePoints": [
        {
          "X": 5.25555563,
          "Y": 0.773611367
        },
        {
          "X": 7.14814854,
          "Y": 0.773611367
        },
        {
          "X": 7.14814854,
          "Y": 1.81481481
        },
        {
          "X": 7.837778,
          "Y": 1.76851869
        }
      ],
      "ColourThemeName": "Red"
    },
    {
      "Source": {
        "PinType": 4,
        "SubChipID": 880904572,
        "PinID": 1963772458
      },
      "Target": {
        "PinType": 2,
        "SubChipID": 0,
        "PinID": 1608010329
      },
      "WirePoints": [
        {
          "X": 5.25555563,
          "Y": 0.533611357
        },
        {
          "X": 7.46296263,
          "Y": 0.533611357
        },
        {
          "X": 7.46296263,
          "Y": 1.01851881
        },
        {
          "X": 7.837778,
          "Y": 0.9722221
        }
      ],
      "ColourThemeName": "Red"
    },
    {
      "Source": {
        "PinType": 4,
        "SubChipID": 880904572,
        "PinID": 1913519666
      },
      "Target": {
        "PinType": 2,
        "SubChipID": 0,
        "PinID": 548780208
      },
      "WirePoints": [
        {
          "X": 5.25555563,
          "Y": 0.293611348
        },
        {
          "X": 7.837778,
          "Y": 0.3333333
        }
      ],
      "ColourThemeName": "Red"
    },
    {
      "Source": {
        "PinType": 4,
        "SubChipID": 880904572,
        "PinID": 1266343664
      },
      "Target": {
        "PinType": 2,
        "SubChipID": 0,
        "PinID": 1811182613
      },
      "WirePoints": [
        {
          "X": 5.25555563,
          "Y": 0.05361134
        },
        {
          "X": 7.57407427,
          "Y": 0.05361134
        },
        {
          "X": 7.57407427,
          "Y": -0.351851881
        },
        {
          "X": 7.837778,
          "Y": -0.3425926
        }
      ],
      "ColourThemeName": "Red"
    },
    {
      "Source": {
        "PinType": 4,
        "SubChipID": 2095480759,
        "PinID": 1196907753
      },
      "Target": {
        "PinType": 2,
        "SubChipID": 0,
        "PinID": 476649220
      },
      "WirePoints": [
        {
          "X": 5.34814835,
          "Y": -0.5906484
        },
        {
          "X": 7.36111164,
          "Y": -0.5906484
        },
        {
          "X": 7.36111164,
          "Y": -1.02777779
        },
        {
          "X": 7.837778,
          "Y": -1.0
        }
      ],
      "ColourThemeName": "Red"
    },
    {
      "Source": {
        "PinType": 4,
        "SubChipID": 2095480759,
        "PinID": 1963772458
      },
      "Target": {
        "PinType": 2,
        "SubChipID": 0,
        "PinID": 332917813
      },
      "WirePoints": [
        {
          "X": 5.34814835,
          "Y": -0.8306484
        },
        {
          "X": 7.12963,
          "Y": -0.8306484
        },
        {
          "X": 7.12963,
          "Y": -1.89814806
        },
        {
          "X": 7.837778,
          "Y": -1.90740728
        }
      ],
      "ColourThemeName": "Red"
    },
    {
      "Source": {
        "PinType": 4,
        "SubChipID": 2095480759,
        "PinID": 1913519666
      },
      "Target": {
        "PinType": 2,
        "SubChipID": 0,
        "PinID": 416211064
      },
      "WirePoints": [
        {
          "X": 5.34814835,
          "Y": -1.07064843
        },
        {
          "X": 6.870371,
          "Y": -1.07064843
        },
        {
          "X": 6.870371,
          "Y": -2.63888884
        },
        {
          "X": 7.837778,
          "Y": -2.62037039
        }
      ],
      "ColourThemeName": "Red"
    },
    {
      "Source": {
        "PinType": 4,
        "SubChipID": 2095480759,
        "PinID": 1266343664
      },
      "Target": {
        "PinType": 2,
        "SubChipID": 0,
        "PinID": 191558973
      },
      "WirePoints": [
        {
          "X": 5.34814835,
          "Y": -1.31064844
        },
        {
          "X": 6.56481552,
          "Y": -1.31064844
        },
        {
          "X": 6.56481552,
          "Y": -3.18518519
        },
        {
          "X": 7.837778,
          "Y": -3.24074078
        }
      ],
      "ColourThemeName": "Red"
    },
    {
      "Source": {
        "PinType": 1,
        "SubChipID": 0,
        "PinID": 1702503806
      },
      "Target": {
        "PinType": 2,
        "SubChipID": 0,
        "PinID": 804565635
      },
      "WirePoints": [
        {
          "X": -7.837778,
          "Y": -2.04629636
        },
        {
          "X": 6.25000048,
          "Y": -2.04629636
        },
        {
          "X": 6.25000048,
          "Y": -3.87962961
        },
        {
          "X": 7.837778,
          "Y": -3.87962961
        }
      ],
      "ColourThemeName": "Red"
    }
  ]
}