{
  "Name": "MUX",
  "Colour": "#34373F",
  "InputPins": [
    {
      "Name": "A3",
      "ID": 973807787,
      "PositionY": 2.48148155,
      "ColourThemeName": "Red"
    },
    {
      "Name": "A2",
      "ID": 1622111032,
      "PositionY": 1.75000012,
      "ColourThemeName": "Red"
    },
    {
      "Name": "A1",
      "ID": 1289167566,
      "PositionY": 1.111111,
      "ColourThemeName": "Red"
    },
    {
      "Name": "A0",
      "ID": 1641002523,
      "PositionY": 0.472221971,
      "ColourThemeName": "Red"
    },
    {
      "Name": "B3",
      "ID": 1131190416,
      "PositionY": -0.60185194,
      "ColourThemeName": "Red"
    },
    {
      "Name": "B2",
      "ID": 1472168121,
      "PositionY": -1.26851857,
      "ColourThemeName": "Red"
    },
    {
      "Name": "B1",
      "ID": 1789790602,
      "PositionY": -1.88888884,
      "ColourThemeName": "Red"
    },
    {
      "Name": "B0",
      "ID": 1820843585,
      "PositionY": -2.53703713,
      "ColourThemeName": "Red"
    },
    {
      "Name": "Select",
      "ID": 1679341093,
      "PositionY": -3.564815,
      "ColourThemeName": "Red"
    }
  ],
  "OutputPins": [
    {
      "Name": "Pin",
      "ID": 1230547728,
      "PositionY": 0.796296,
      "ColourThemeName": "Red"
    },
    {
      "Name": "Pin",
      "ID": 390895754,
      "PositionY": 0.166666508,
      "ColourThemeName": "Red"
    },
    {
      "Name": "Pin",
      "ID": 1154119548,
      "PositionY": -0.4629624,
      "ColourThemeName": "Red"
    },
    {
      "Name": "Pin",
      "ID": 1495766227,
      "PositionY": -1.09259236,
      "ColourThemeName": "Red"
    }
  ],
  "SubChips": [
    {
      "Name": "AND",
      "ID": 450520999,
      "Points": [
        {
          "X": -4.88888931,
          "Y": 2.39120388
        }
      ],
      "Data": null
    },
    {
      "Name": "AND",
      "ID": 1263971727,
      "Points": [
        {
          "X": -4.88888931,
          "Y": 1.76620364
        }
      ],
      "Data": null
    },
    {
      "Name": "AND",
      "ID": 1137748383,
      "Points": [
        {
          "X": -4.88888931,
          "Y": 1.14120364
        }
      ],
      "Data": null
    },
    {
      "Name": "AND",
      "ID": 1036852523,
      "Points": [
        {
          "X": -4.88888931,
          "Y": 0.5162035
        }
      ],
      "Data": null
    },
    {
      "Name": "NOT",
      "ID": 1026060536,
      "Points": [
        {
          "X": -6.91666555,
          "Y": -3.56481528
        }
      ],
      "Data": null
    },
    {
      "Name": "AND",
      "ID": 415662306,
      "Points": [
        {
          "X": -4.97222233,
          "Y": -0.6736112
        }
      ],
      "Data": null
    },
    {
      "Name": "AND",
      "ID": 1725715686,
      "Points": [
        {
          "X": -4.97222233,
          "Y": -1.29861116
        }
      ],
      "Data": null
    },
    {
      "Name": "AND",
      "ID": 637578146,
      "Points": [
        {
          "X": -4.97222233,
          "Y": -1.92361116
        }
      ],
      "Data": null
    },
    {
      "Name": "AND",
      "ID": 381755951,
      "Points": [
        {
          "X": -4.97222233,
          "Y": -2.54861116
        }
      ],
      "Data": null
    },
    {
      "Name": "OR",
      "ID": 260552345,
      "Points": [
        {
          "X": 0.5370374,
          "Y": 0.817129552
        }
      ],
      "Data": null
    },
    {
      "Name": "OR",
      "ID": 886273358,
      "Points": [
        {
          "X": 0.5370374,
          "Y": 0.192129612
        }
      ],
      "Data": null
    },
    {
      "Name": "OR",
      "ID": 1168562228,
      "Points": [
        {
          "X": 0.5370374,
          "Y": -0.4328704
        }
      ],
      "Data": null
    },
    {
      "Name": "OR",
      "ID": 1616962018,
      "Points": [
        {
          "X": 0.5370374,
          "Y": -1.05787039
        }
      ],
      "Data": null
    }
  ],
  "Connections": [
    {
      "Source": {
        "PinType": 1,
        "SubChipID": 0,
        "PinID": 973807787
      },
      "Target": {
        "PinType": 3,
        "SubChipID": 450520999,
        "PinID": 0
      },
      "WirePoints": [
        {
          "X": -7.837778,
          "Y": 2.48148155
        },
        {
          "X": -5.4388895,
          "Y": 2.51120377
        }
      ],
      "ColourThemeName": "Red"
    },
    {
      "Source": {
        "PinType": 1,
        "SubChipID": 0,
        "PinID": 1622111032
      },
      "Target": {
        "PinType": 3,
        "SubChipID": 1263971727,
        "PinID": 0
      },
      "WirePoints": [
        {
          "X": -7.837778,
          "Y": 1.75000012
        },
        {
          "X": -5.638889,
          "Y": 1.75000012
        },
        {
          "X": -5.638889,
          "Y": 1.92592621
        },
        {
          "X": -5.4388895,
          "Y": 1.88620365
        }
      ],
      "ColourThemeName": "Red"
    },
    {
      "Source": {
        "PinType": 1,
        "SubChipID": 0,
        "PinID": 1289167566
      },
      "Target": {
        "PinType": 3,
        "SubChipID": 1137748383,
        "PinID": 0
      },
      "WirePoints": [
        {
          "X": -7.837778,
          "Y": 1.111111
        },
        {
          "X": -5.60185242,
          "Y": 1.111111
        },
        {
          "X": -5.60185242,
          "Y": 1.29629612
        },
        {
          "X": -5.4388895,
          "Y": 1.26120365
        }
      ],
      "ColourThemeName": "Red"
    },
    {
      "Source": {
        "PinType": 1,
        "SubChipID": 0,
        "PinID": 1641002523
      },
      "Target": {
        "PinType": 3,
        "SubChipID": 1036852523,
        "PinID": 0
      },
      "WirePoints": [
        {
          "X": -7.837778,
          "Y": 0.472221971
        },
        {
          "X": -5.712963,
          "Y": 0.472221971
        },
        {
          "X": -5.712963,
          "Y": 0.6759262
        },
        {
          "X": -5.4388895,
          "Y": 0.6362035
        }
      ],
      "ColourThemeName": "Red"
    },
    {
      "Source": {
        "PinType": 1,
        "SubChipID": 0,
        "PinID": 1679341093
      },
      "Target": {
        "PinType": 3,
        "SubChipID": 1026060536,
        "PinID": 0
      },
      "WirePoints": [
        {
          "X": -7.837778,
          "Y": -3.564815
        },
        {
          "X": -7.46666574,
          "Y": -3.56481528
        }
      ],
      "ColourThemeName": "Red"
    },
    {
      "Source": {
        "PinType": 4,
        "SubChipID": 1026060536,
        "PinID": 1
      },
      "Target": {
        "PinType": 3,
        "SubChipID": 450520999,
        "PinID": 1
      },
      "WirePoints": [
        {
          "X": -6.36666536,
          "Y": -3.56481528
        },
        {
          "X": -6.10185242,
          "Y": -3.56481528
        },
        {
          "X": -6.10185242,
          "Y": 2.287037
        },
        {
          "X": -5.4388895,
          "Y": 2.271204
        }
      ],
      "ColourThemeName": "Red"
    },
    {
      "Source": {
        "PinType": 4,
        "SubChipID": 1026060536,
        "PinID": 1
      },
      "Target": {
        "PinType": 3,
        "SubChipID": 1263971727,
        "PinID": 1
      },
      "WirePoints": [
        {
          "X": -6.36666536,
          "Y": -3.56481528
        },
        {
          "X": -6.10185242,
          "Y": -3.56481528
        },
        {
          "X": -6.10185242,
          "Y": 1.6481483
        },
        {
          "X": -5.4388895,
          "Y": 1.64620364
        }
      ],
      "ColourThemeName": "Red"
    },
    {
      "Source": {
        "PinType": 4,
        "SubChipID": 1026060536,
        "PinID": 1
      },
      "Target": {
        "PinType": 3,
        "SubChipID": 1137748383,
        "PinID": 1
      },
      "WirePoints": [
        {
          "X": -6.36666536,
          "Y": -3.56481528
        },
        {
          "X": -6.10185242,
          "Y": -3.56481528
        },
        {
          "X": -6.10185242,
          "Y": 0.990740538
        },
        {
          "X": -5.4388895,
          "Y": 1.02120364
        }
      ],
      "ColourThemeName": "Red"
    },
    {
      "Source": {
        "PinType": 4,
        "SubChipID": 1026060536,
        "PinID": 1
      },
      "Target": {
        "PinType": 3,
        "SubChipID": 1036852523,
        "PinID": 1
      },
      "WirePoints": [
        {
          "X": -6.36666536,
          "Y": -3.56481528
        },
        {
          "X": -6.10185242,
          "Y": -3.56481528
        },
        {
          "X": -6.10185242,
          "Y": 0.4259262
        },
        {
          "X": -5.4388895,
          "Y": 0.396203518
        }
      ],
      "ColourThemeName": "Red"
    },
    {
      "Source": {
        "PinType": 1,
        "SubChipID": 0,
        "PinID": 1131190416
      },
      "Target": {
        "PinType": 3,
        "SubChipID": 415662306,
        "PinID": 0
      },
      "WirePoints": [
        {
          "X": -7.837778,
          "Y": -0.60185194
        },
        {
          "X": -5.52222252,
          "Y": -0.5536112
        }
      ],
      "ColourThemeName": "Red"
    },
    {
      "Source": {
        "PinType": 1,
        "SubChipID": 0,
        "PinID": 1472168121
      },
      "Target": {
        "PinType": 3,
        "SubChipID": 1725715686,
        "PinID": 0
      },
      "WirePoints": [
        {
          "X": -7.837778,
          "Y": -1.26851857
        },
        {
          "X": -5.52222252,
          "Y": -1.17861116
        }
      ],
      "ColourThemeName": "Red"
    },
    {
      "Source": {
        "PinType": 1,
        "SubChipID": 0,
        "PinID": 1789790602
      },
      "Target": {
        "PinType": 3,
        "SubChipID": 637578146,
        "PinID": 0
      },
      "WirePoints": [
        {
          "X": -7.837778,
          "Y": -1.88888884
        },
        {
          "X": -5.52222252,
          "Y": -1.80361116
        }
      ],
      "ColourThemeName": "Red"
    },
    {
      "Source": {
        "PinType": 1,
        "SubChipID": 0,
        "PinID": 1820843585
      },
      "Target": {
        "PinType": 3,
        "SubChipID": 381755951,
        "PinID": 0
      },
      "WirePoints": [
        {
          "X": -7.837778,
          "Y": -2.53703713
        },
        {
          "X": -5.52222252,
          "Y": -2.42861128
        }
      ],
      "ColourThemeName": "Red"
    },
    {
      "Source": {
        "PinType": 1,
        "SubChipID": 0,
        "PinID": 1679341093
      },
      "Target": {
        "PinType": 3,
        "SubChipID": 415662306,
        "PinID": 1
      },
      "WirePoints": [
        {
          "X": -7.837778,
          "Y": -3.564815
        },
        {
          "X": -7.837778,
          "Y": -4.02777767
        },
        {
          "X": -5.768519,
          "Y": -4.02777767
        },
        {
          "X": -5.768519,
          "Y": -0.7407406
        },
        {
          "X": -5.52222252,
          "Y": -0.7936112
        }
      ],
      "ColourThemeName": "Red"
    },
    {
      "Source": {
        "PinType": 1,
        "SubChipID": 0,
        "PinID": 1679341093
      },
      "Target": {
        "PinType": 3,
        "SubChipID": 1725715686,
        "PinID": 1
      },
      "WirePoints": [
        {
          "X": -7.837778,
          "Y": -3.564815
        },
        {
          "X": -7.837778,
          "Y": -4.02777767
        },
        {
          "X": -5.768519,
          "Y": -4.02777767
        },
        {
          "X": -5.768519,
          "Y": -1.33333325
        },
        {
          "X": -5.52222252,
          "Y": -1.41861117
        }
      ],
      "ColourThemeName": "Red"
    },
    {
      "Source": {
        "PinType": 1,
        "SubChipID": 0,
        "PinID": 1679341093
      },
      "Target": {
        "PinType": 3,
        "SubChipID": 637578146,
        "PinID": 1
      },
      "WirePoints": [
        {
          "X": -7.837778,
          "Y": -3.564815
        },
        {
          "X": -7.837778,
          "Y": -4.02777767
        },
        {
          "X": -5.768519,
          "Y": -4.02777767
        },
        {
          "X": -5.768519,
          "Y": -2.09259272
        },
        {
          "X": -5.52222252,
          "Y": -2.043611
        }
      ],
      "ColourThemeName": "Red"
    },
    {
      "Source": {
        "PinType": 1,
        "SubChipID": 0,
        "PinID": 1679341093
      },
      "Target": {
        "PinType": 3,
        "SubChipID": 381755951,
        "PinID": 1
      },
      "WirePoints": [
        {
          "X": -7.837778,
          "Y": -3.564815
        },
        {
          "X": -7.837778,
          "Y": -4.02777767
        },
        {
          "X": -5.768519,
          "Y": -4.02777767
        },
        {
          "X": -5.768519,
          "Y": -2.67592621
        },
        {
          "X": -5.52222252,
          "Y": -2.668611
        }
      ],
      "ColourThemeName": "Red"
    },
    {
      "Source": {
        "PinType": 4,
        "SubChipID": 450520999,
        "PinID": 2
      },
      "Target": {
        "PinType": 3,
        "SubChipID": 260552345,
        "PinID": 943289771
      },
      "WirePoints": [
        {
          "X": -4.338889,
          "Y": 2.39120388
        },
        {
          "X": 0.0870373845,
          "Y": 0.937129557
        }
      ],
      "ColourThemeName": "Red"
    },
    {
      "Source": {
        "PinType": 4,
        "SubChipID": 415662306,
        "PinID": 2
      },
      "Target": {
        "PinType": 3,
        "SubChipID": 260552345,
        "PinID": 176070845
      },
      "WirePoints": [
        {
          "X": -4.422222,
          "Y": -0.6736112
        },
        {
          "X": 0.0870373845,
          "Y": 0.697129548
        }
      ],
      "ColourThemeName": "Red"
    },
    {
      "Source": {
        "PinType": 4,
        "SubChipID": 1263971727,
        "PinID": 2
      },
      "Target": {
        "PinType": 3,
        "SubChipID": 886273358,
        "PinID": 943289771
      },
      "WirePoints": [
        {
          "X": -4.338889,
          "Y": 1.76620364
        },
        {
          "X": 0.0870373845,
          "Y": 0.312129617
        }
      ],
      "ColourThemeName": "Red"
    },
    {
      "Source": {
        "PinType": 4,
        "SubChipID": 1725715686,
        "PinID": 2
      },
      "Target": {
        "PinType": 3,
        "SubChipID": 886273358,
        "PinID": 176070845
      },
      "WirePoints": [
        {
          "X": -4.422222,
          "Y": -1.29861116
        },
        {
          "X": 0.0870373845,
          "Y": 0.0721296147
        }
      ],
      "ColourThemeName": "Red"
    },
    {
      "Source": {
        "PinType": 4,
        "SubChipID": 1137748383,
        "PinID": 2
      },
      "Target": {
        "PinType": 3,
        "SubChipID": 1168562228,
        "PinID": 943289771
      },
      "WirePoints": [
        {
          "X": -4.338889,
          "Y": 1.14120364
        },
        {
          "X": 0.0870373845,
          "Y": -0.312870383
        }
      ],
      "ColourThemeName": "Red"
    },
    {
      "Source": {
        "PinType": 4,
        "SubChipID": 637578146,
        "PinID": 2
      },
      "Target": {
        "PinType": 3,
        "SubChipID": 1168562228,
        "PinID": 176070845
      },
      "WirePoints": [
        {
          "X": -4.422222,
          "Y": -1.92361116
        },
        {
          "X": 0.0870373845,
          "Y": -0.5528704
        }
      ],
      "ColourThemeName": "Red"
    },
    {
      "Source": {
        "PinType": 4,
        "SubChipID": 1036852523,
        "PinID": 2
      },
      "Target": {
        "PinType": 3,
        "SubChipID": 1616962018,
        "PinID": 943289771
      },
      "WirePoints": [
        {
          "X": -4.338889,
          "Y": 0.5162035
        },
        {
          "X": 0.0870373845,
          "Y": -0.9378704
        }
      ],
      "ColourThemeName": "Red"
    },
    {
      "Source": {
        "PinType": 4,
        "SubChipID": 381755951,
        "PinID": 2
      },
      "Target": {
        "PinType": 3,
        "SubChipID": 1616962018,
        "PinID": 176070845
      },
      "WirePoints": [
        {
          "X": -4.422222,
          "Y": -2.54861116
        },
        {
          "X": 0.0870373845,
          "Y": -1.17787039
        }
      ],
      "ColourThemeName": "Red"
    },
    {
      "Source": {
        "PinType": 4,
        "SubChipID": 1616962018,
        "PinID": 502664682
      },
      "Target": {
        "PinType": 2,
        "SubChipID": 0,
        "PinID": 1495766227
      },
      "WirePoints": [
        {
          "X": 0.987037361,
          "Y": -1.05787039
        },
        {
          "X": 7.837778,
          "Y": -1.09259236
        }
      ],
      "ColourThemeName": "Red"
    },
    {
      "Source": {
        "PinType": 4,
        "SubChipID": 1168562228,
        "PinID": 502664682
      },
      "Target": {
        "PinType": 2,
        "SubChipID": 0,
        "PinID": 1154119548
      },
      "WirePoints": [
        {
          "X": 0.987037361,
          "Y": -0.4328704
        },
        {
          "X": 7.837778,
          "Y": -0.4629624
        }
      ],
      "ColourThemeName": "Red"
    },
    {
      "Source": {
        "PinType": 4,
        "SubChipID": 886273358,
        "PinID": 502664682
      },
      "Target": {
        "PinType": 2,
        "SubChipID": 0,
        "PinID": 390895754
      },
      "WirePoints": [
        {
          "X": 0.987037361,
          "Y": 0.192129612
        },
        {
          "X": 7.837778,
          "Y": 0.166666508
        }
      ],
      "ColourThemeName": "Red"
    },
    {
      "Source": {
        "PinType": 4,
        "SubChipID": 260552345,
        "PinID": 502664682
      },
      "Target": {
        "PinType": 2,
        "SubChipID": 0,
        "PinID": 1230547728
      },
      "WirePoints": [
        {
          "X": 0.987037361,
          "Y": 0.817129552
        },
        {
          "X": 7.837778,
          "Y": 0.796296
        }
      ],
      "ColourThemeName": "Red"
    }
  ]
}