{
  "Name": "NEGATE",
  "Colour": "#4F7F93",
  "InputPins": [
    {
      "Name": "Pin",
      "ID": 1978026926,
      "PositionY": 0.787037,
      "ColourThemeName": "Red"
    },
    {
      "Name": "Pin",
      "ID": 1286466817,
      "PositionY": 0.148147941,
      "ColourThemeName": "Red"
    },
    {
      "Name": "Pin",
      "ID": 1166068671,
      "PositionY": -0.481481254,
      "ColourThemeName": "Red"
    },
    {
      "Name": "Pin",
      "ID": 1154166868,
      "PositionY": -1.06481481,
      "ColourThemeName": "Red"
    },
    {
      "Name": "Pin",
      "ID": 2138029146,
      "PositionY": -1.65740728,
      "ColourThemeName": "Red"
    },
    {
      "Name": "Pin",
      "ID": 1553627225,
      "PositionY": -2.26851821,
      "ColourThemeName": "Red"
    },
    {
      "Name": "Pin",
      "ID": 1367312422,
      "PositionY": 1.388889,
      "ColourThemeName": "Red"
    },
    {
      "Name": "Pin",
      "ID": 280850403,
      "PositionY": 2.05555558,
      "ColourThemeName": "Red"
    },
    {
      "Name": "ENABLE",
      "ID": 1709110471,
      "PositionY": 3.34259272,
      "ColourThemeName": "Red"
    }
  ],
  "OutputPins": [
    {
      "Name": "Pin",
      "ID": 1971425006,
      "PositionY": 2.037037,
      "ColourThemeName": "Red"
    },
    {
      "Name": "Pin",
      "ID": 1599027788,
      "PositionY": 1.398148,
      "ColourThemeName": "Red"
    },
    {
      "Name": "Pin",
      "ID": 461926947,
      "PositionY": 0.796296,
      "ColourThemeName": "Red"
    },
    {
      "Name": "Pin",
      "ID": 1757341665,
      "PositionY": 0.157407522,
      "ColourThemeName": "Red"
    },
    {
      "Name": "Pin",
      "ID": 1102531585,
      "PositionY": -0.444444418,
      "ColourThemeName": "Red"
    },
    {
      "Name": "Pin",
      "ID": 1544830390,
      "PositionY": -1.06481493,
      "ColourThemeName": "Red"
    },
    {
      "Name": "Pin",
      "ID": 119882908,
      "PositionY": -1.68518519,
      "ColourThemeName": "Red"
    },
    {
      "Name": "Pin",
      "ID": 2031193643,
      "PositionY": -2.29629636,
      "ColourThemeName": "Red"
    }
  ],
  "SubChips": [
    {
      "Name": "XOR",
      "ID": 1765402293,
      "Points": [
        {
          "X": -4.351852,
          "Y": 1.94675946
        }
      ],
      "Data": null
    },
    {
      "Name": "XOR",
      "ID": 1032249626,
      "Points": [
        {
          "X": -4.361111,
          "Y": 1.28472233
        }
      ],
      "Data": null
    },
    {
      "Name": "XOR",
      "ID": 1796738388,
      "Points": [
        {
          "X": -4.351852,
          "Y": 0.696759343
        }
      ],
      "Data": null
    },
    {
      "Name": "XOR",
      "ID": 2023635833,
      "Points": [
        {
          "X": -4.351852,
          "Y": 0.07175928
        }
      ],
      "Data": null
    },
    {
      "Name": "XOR",
      "ID": 254741899,
      "Points": [
        {
          "X": -4.351852,
          "Y": -0.553240836
        }
      ],
      "Data": null
    },
    {
      "Name": "XOR",
      "ID": 1667288577,
      "Points": [
        {
          "X": -4.351852,
          "Y": -1.1782409
        }
      ],
      "Data": null
    },
    {
      "Name": "XOR",
      "ID": 601290116,
      "Points": [
        {
          "X": -4.351852,
          "Y": -1.803241
        }
      ],
      "Data": null
    },
    {
      "Name": "XOR",
      "ID": 2106216778,
      "Points": [
        {
          "X": -4.351852,
          "Y": -2.428241
        }
      ],
      "Data": null
    },
    {
      "Name": "4-BIT ADDER",
      "ID": 1600425386,
      "Points": [
        {
          "X": 2.01851869,
          "Y": 0.80990684
        }
      ],
      "Data": null
    },
    {
      "Name": "4-BIT ADDER",
      "ID": 1107662327,
      "Points": [
        {
          "X": -0.6666671,
          "Y": -2.124722
        }
      ],
      "Data": null
    }
  ],
  "Connections": [
    {
      "Source": {
        "PinType": 1,
        "SubChipID": 0,
        "PinID": 280850403
      },
      "Target": {
        "PinType": 3,
        "SubChipID": 1765402293,
        "PinID": 1790106757
      },
      "WirePoints": [
        {
          "X": -7.837778,
          "Y": 2.05555558
        },
        {
          "X": -4.901852,
          "Y": 2.06675935
        }
      ],
      "ColourThemeName": "Red"
    },
    {
      "Source": {
        "PinType": 1,
        "SubChipID": 0,
        "PinID": 1367312422
      },
      "Target": {
        "PinType": 3,
        "SubChipID": 1032249626,
        "PinID": 1790106757
      },
      "WirePoints": [
        {
          "X": -7.837778,
          "Y": 1.388889
        },
        {
          "X": -4.91111135,
          "Y": 1.40472233
        }
      ],
      "ColourThemeName": "Red"
    },
    {
      "Source": {
        "PinType": 1,
        "SubChipID": 0,
        "PinID": 1978026926
      },
      "Target": {
        "PinType": 3,
        "SubChipID": 1796738388,
        "PinID": 1790106757
      },
      "WirePoints": [
        {
          "X": -7.837778,
          "Y": 0.787037
        },
        {
          "X": -4.901852,
          "Y": 0.816759348
        }
      ],
      "ColourThemeName": "Red"
    },
    {
      "Source": {
        "PinType": 1,
        "SubChipID": 0,
        "PinID": 1286466817
      },
      "Target": {
        "PinType": 3,
        "SubChipID": 2023635833,
        "PinID": 1790106757
      },
      "WirePoints": [
        {
          "X": -7.837778,
          "Y": 0.148147941
        },
        {
          "X": -4.901852,
          "Y": 0.191759288
        }
      ],
      "ColourThemeName": "Red"
    },
    {
      "Source": {
        "PinType": 1,
        "SubChipID": 0,
        "PinID": 1166068671
      },
      "Target": {
        "PinType": 3,
        "SubChipID": 254741899,
        "PinID": 1790106757
      },
      "WirePoints": [
        {
          "X": -7.837778,
          "Y": -0.481481254
        },
        {
          "X": -4.901852,
          "Y": -0.433240831
        }
      ],
      "ColourThemeName": "Red"
    },
    {
      "Source": {
        "PinType": 1,
        "SubChipID": 0,
        "PinID": 1154166868
      },
      "Target": {
        "PinType": 3,
        "SubChipID": 1667288577,
        "PinID": 1790106757
      },
      "WirePoints": [
        {
          "X": -7.837778,
          "Y": -1.06481481
        },
        {
          "X": -4.901852,
          "Y": -1.05824089
        }
      ],
      "ColourThemeName": "Red"
    },
    {
      "Source": {
        "PinType": 1,
        "SubChipID": 0,
        "PinID": 2138029146
      },
      "Target": {
        "PinType": 3,
        "SubChipID": 601290116,
        "PinID": 1790106757
      },
      "WirePoints": [
        {
          "X": -7.837778,
          "Y": -1.65740728
        },
        {
          "X": -4.901852,
          "Y": -1.683241
        }
      ],
      "ColourThemeName": "Red"
    },
    {
      "Source": {
        "PinType": 1,
        "SubChipID": 0,
        "PinID": 1553627225
      },
      "Target": {
        "PinType": 3,
        "SubChipID": 2106216778,
        "PinID": 1790106757
      },
      "WirePoints": [
        {
          "X": -7.837778,
          "Y": -2.26851821
        },
        {
          "X": -4.901852,
          "Y": -2.30824113
        }
      ],
      "ColourThemeName": "Red"
    },
    {
      "Source": {
        "PinType": 1,
        "SubChipID": 0,
        "PinID": 1709110471
      },
      "Target": {
        "PinType": 3,
        "SubChipID": 2106216778,
        "PinID": 372054391
      },
      "WirePoints": [
        {
          "X": -7.837778,
          "Y": 3.34259272
        },
        {
          "X": -5.83333349,
          "Y": 3.34259272
        },
        {
          "X": -5.83333349,
          "Y": -2.56481457
        },
        {
          "X": -4.901852,
          "Y": -2.548241
        }
      ],
      "ColourThemeName": "Red"
    },
    {
      "Source": {
        "PinType": 1,
        "SubChipID": 0,
        "PinID": 1709110471
      },
      "Target": {
        "PinType": 3,
        "SubChipID": 601290116,
        "PinID": 372054391
      },
      "WirePoints": [
        {
          "X": -7.837778,
          "Y": 3.34259272
        },
        {
          "X": -5.83333349,
          "Y": 3.34259272
        },
        {
          "X": -5.83333349,
          "Y": -1.935185
        },
        {
          "X": -4.901852,
          "Y": -1.923241
        }
      ],
      "ColourThemeName": "Red"
    },
    {
      "Source": {
        "PinType": 1,
        "SubChipID": 0,
        "PinID": 1709110471
      },
      "Target": {
        "PinType": 3,
        "SubChipID": 1667288577,
        "PinID": 372054391
      },
      "WirePoints": [
        {
          "X": -7.837778,
          "Y": 3.34259272
        },
        {
          "X": -5.83333349,
          "Y": 3.34259272
        },
        {
          "X": -5.83333349,
          "Y": -1.314815
        },
        {
          "X": -4.901852,
          "Y": -1.2982409
        }
      ],
      "ColourThemeName": "Red"
    },
    {
      "Source": {
        "PinType": 1,
        "SubChipID": 0,
        "PinID": 1709110471
      },
      "Target": {
        "PinType": 3,
        "SubChipID": 254741899,
        "PinID": 372054391
      },
      "WirePoints": [
        {
          "X": -7.837778,
          "Y": 3.34259272
        },
        {
          "X": -5.83333349,
          "Y": 3.34259272
        },
        {
          "X": -5.83333349,
          "Y": -0.675925732
        },
        {
          "X": -4.901852,
          "Y": -0.67324084
        }
      ],
      "ColourThemeName": "Red"
    },
    {
      "Source": {
        "PinType": 1,
        "SubChipID": 0,
        "PinID": 1709110471
      },
      "Target": {
        "PinType": 3,
        "SubChipID": 2023635833,
        "PinID": 372054391
      },
      "WirePoints": [
        {
          "X": -7.837778,
          "Y": 3.34259272
        },
        {
          "X": -5.83333349,
          "Y": 3.34259272
        },
        {
          "X": -5.83333349,
          "Y": -0.02777791
        },
        {
          "X": -4.901852,
          "Y": -0.0482407138
        }
      ],
      "ColourThemeName": "Red"
    },
    {
      "Source": {
        "PinType": 1,
        "SubChipID": 0,
        "PinID": 1709110471
      },
      "Target": {
        "PinType": 3,
        "SubChipID": 1796738388,
        "PinID": 372054391
      },
      "WirePoints": [
        {
          "X": -7.837778,
          "Y": 3.34259272
        },
        {
          "X": -5.83333349,
          "Y": 3.34259272
        },
        {
          "X": -5.83333349,
          "Y": 0.583333254
        },
        {
          "X": -4.901852,
          "Y": 0.576759338
        }
      ],
      "ColourThemeName": "Red"
    },
    {
      "Source": {
        "PinType": 1,
        "SubChipID": 0,
        "PinID": 1709110471
      },
      "Target": {
        "PinType": 3,
        "SubChipID": 1032249626,
        "PinID": 372054391
      },
      "WirePoints": [
        {
          "X": -7.837778,
          "Y": 3.34259272
        },
        {
          "X": -5.83333349,
          "Y": 3.34259272
        },
        {
          "X": -5.83333349,
          "Y": 1.17592573
        },
        {
          "X": -4.91111135,
          "Y": 1.16472232
        }
      ],
      "ColourThemeName": "Red"
    },
    {
      "Source": {
        "PinType": 1,
        "SubChipID": 0,
        "PinID": 1709110471
      },
      "Target": {
        "PinType": 3,
        "SubChipID": 1765402293,
        "PinID": 372054391
      },
      "WirePoints": [
        {
          "X": -7.837778,
          "Y": 3.34259272
        },
        {
          "X": -5.83333349,
          "Y": 3.34259272
        },
        {
          "X": -5.83333349,
          "Y": 1.82407367
        },
        {
          "X": -4.901852,
          "Y": 1.82675946
        }
      ],
      "ColourThemeName": "Red"
    },
    {
      "Source": {
        "PinType": 4,
        "SubChipID": 254741899,
        "PinID": 941371597
      },
      "Target": {
        "PinType": 3,
        "SubChipID": 1107662327,
        "PinID": 2012559747
      },
      "WirePoints": [
        {
          "X": -3.801852,
          "Y": -0.553240836
        },
        {
          "X": -1.89814842,
          "Y": -0.553240836
        },
        {
          "X": -1.89814842,
          "Y": -1.18518531
        },
        {
          "X": -1.2916671,
          "Y": -1.164722
        }
      ],
      "ColourThemeName": "Red"
    },
    {
      "Source": {
        "PinType": 4,
        "SubChipID": 1667288577,
        "PinID": 941371597
      },
      "Target": {
        "PinType": 3,
        "SubChipID": 1107662327,
        "PinID": 748252244
      },
      "WirePoints": [
        {
          "X": -3.801852,
          "Y": -1.1782409
        },
        {
          "X": -2.12037039,
          "Y": -1.1782409
        },
        {
          "X": -2.12037039,
          "Y": -1.41666675
        },
        {
          "X": -1.2916671,
          "Y": -1.404722
        }
      ],
      "ColourThemeName": "Red"
    },
    {
      "Source": {
        "PinType": 4,
        "SubChipID": 601290116,
        "PinID": 941371597
      },
      "Target": {
        "PinType": 3,
        "SubChipID": 1107662327,
        "PinID": 1018301021
      },
      "WirePoints": [
        {
          "X": -3.801852,
          "Y": -1.803241
        },
        {
          "X": -1.8611114,
          "Y": -1.803241
        },
        {
          "X": -1.8611114,
          "Y": -1.62962973
        },
        {
          "X": -1.2916671,
          "Y": -1.644722
        }
      ],
      "ColourThemeName": "Red"
    },
    {
      "Source": {
        "PinType": 4,
        "SubChipID": 2106216778,
        "PinID": 941371597
      },
      "Target": {
        "PinType": 3,
        "SubChipID": 1107662327,
        "PinID": 1907398991
      },
      "WirePoints": [
        {
          "X": -3.801852,
          "Y": -2.428241
        },
        {
          "X": -1.67592585,
          "Y": -2.428241
        },
        {
          "X": -1.67592585,
          "Y": -1.89814806
        },
        {
          "X": -1.2916671,
          "Y": -1.884722
        }
      ],
      "ColourThemeName": "Red"
    },
    {
      "Source": {
        "PinType": 1,
        "SubChipID": 0,
        "PinID": 1709110471
      },
      "Target": {
        "PinType": 3,
        "SubChipID": 1107662327,
        "PinID": 505562748
      },
      "WirePoints": [
        {
          "X": -7.837778,
          "Y": 3.34259272
        },
        {
          "X": -5.83333349,
          "Y": 3.34259272
        },
        {
          "X": -5.83333349,
          "Y": -2.37962961
        },
        {
          "X": -5.82407427,
          "Y": -3.084722
        },
        {
          "X": -1.2916671,
          "Y": -3.084722
        }
      ],
      "ColourThemeName": "Red"
    },
    {
      "Source": {
        "PinType": 4,
        "SubChipID": 1107662327,
        "PinID": 53788802
      },
      "Target": {
        "PinType": 3,
        "SubChipID": 1600425386,
        "PinID": 505562748
      },
      "WirePoints": [
        {
          "X": -0.0416671038,
          "Y": -3.084722
        },
        {
          "X": 0.861110747,
          "Y": -3.084722
        },
        {
          "X": 0.861110747,
          "Y": -0.1666668
        },
        {
          "X": 1.39351869,
          "Y": -0.150093257
        }
      ],
      "ColourThemeName": "Red"
    },
    {
      "Source": {
        "PinType": 4,
        "SubChipID": 1765402293,
        "PinID": 941371597
      },
      "Target": {
        "PinType": 3,
        "SubChipID": 1600425386,
        "PinID": 2012559747
      },
      "WirePoints": [
        {
          "X": -3.801852,
          "Y": 1.94675946
        },
        {
          "X": 1.13888848,
          "Y": 1.94675946
        },
        {
          "X": 1.13888848,
          "Y": 1.75000012
        },
        {
          "X": 1.39351869,
          "Y": 1.769907
        }
      ],
      "ColourThemeName": "Red"
    },
    {
      "Source": {
        "PinType": 4,
        "SubChipID": 1032249626,
        "PinID": 941371597
      },
      "Target": {
        "PinType": 3,
        "SubChipID": 1600425386,
        "PinID": 748252244
      },
      "WirePoints": [
        {
          "X": -3.81111121,
          "Y": 1.28472233
        },
        {
          "X": 0.750000238,
          "Y": 1.28472233
        },
        {
          "X": 0.750000238,
          "Y": 1.5370369
        },
        {
          "X": 1.39351869,
          "Y": 1.529907
        }
      ],
      "ColourThemeName": "Red"
    },
    {
      "Source": {
        "PinType": 4,
        "SubChipID": 1796738388,
        "PinID": 941371597
      },
      "Target": {
        "PinType": 3,
        "SubChipID": 1600425386,
        "PinID": 1018301021
      },
      "WirePoints": [
        {
          "X": -3.801852,
          "Y": 0.696759343
        },
        {
          "X": 0.9351847,
          "Y": 0.696759343
        },
        {
          "X": 0.9351847,
          "Y": 1.27777755
        },
        {
          "X": 1.39351869,
          "Y": 1.28990686
        }
      ],
      "ColourThemeName": "Red"
    },
    {
      "Source": {
        "PinType": 4,
        "SubChipID": 2023635833,
        "PinID": 941371597
      },
      "Target": {
        "PinType": 3,
        "SubChipID": 1600425386,
        "PinID": 1907398991
      },
      "WirePoints": [
        {
          "X": -3.801852,
          "Y": 0.07175928
        },
        {
          "X": 1.07407367,
          "Y": 0.07175928
        },
        {
          "X": 1.07407367,
          "Y": 1.02777779
        },
        {
          "X": 1.39351869,
          "Y": 1.04990685
        }
      ],
      "ColourThemeName": "Red"
    },
    {
      "Source": {
        "PinType": 4,
        "SubChipID": 1600425386,
        "PinID": 708540558
      },
      "Target": {
        "PinType": 2,
        "SubChipID": 0,
        "PinID": 1971425006
      },
      "WirePoints": [
        {
          "X": 2.64351869,
          "Y": 1.769907
        },
        {
          "X": 7.22222233,
          "Y": 1.769907
        },
        {
          "X": 7.22222233,
          "Y": 2.07407427
        },
        {
          "X": 7.837778,
          "Y": 2.037037
        }
      ],
      "ColourThemeName": "Red"
    },
    {
      "Source": {
        "PinType": 4,
        "SubChipID": 1600425386,
        "PinID": 2129160425
      },
      "Target": {
        "PinType": 2,
        "SubChipID": 0,
        "PinID": 1599027788
      },
      "WirePoints": [
        {
          "X": 2.64351869,
          "Y": 1.28990686
        },
        {
          "X": 7.537038,
          "Y": 1.28990686
        },
        {
          "X": 7.537038,
          "Y": 1.42592609
        },
        {
          "X": 7.837778,
          "Y": 1.398148
        }
      ],
      "ColourThemeName": "Red"
    },
    {
      "Source": {
        "PinType": 4,
        "SubChipID": 1600425386,
        "PinID": 1739648028
      },
      "Target": {
        "PinType": 2,
        "SubChipID": 0,
        "PinID": 461926947
      },
      "WirePoints": [
        {
          "X": 2.64351869,
          "Y": 0.80990684
        },
        {
          "X": 7.837778,
          "Y": 0.796296
        }
      ],
      "ColourThemeName": "Red"
    },
    {
      "Source": {
        "PinType": 4,
        "SubChipID": 1600425386,
        "PinID": 624442070
      },
      "Target": {
        "PinType": 2,
        "SubChipID": 0,
        "PinID": 1757341665
      },
      "WirePoints": [
        {
          "X": 2.64351869,
          "Y": 0.3299068
        },
        {
          "X": 7.425926,
          "Y": 0.3299068
        },
        {
          "X": 7.425926,
          "Y": 0.157407522
        },
        {
          "X": 7.837778,
          "Y": 0.157407522
        }
      ],
      "ColourThemeName": "Red"
    },
    {
      "Source": {
        "PinType": 4,
        "SubChipID": 1107662327,
        "PinID": 708540558
      },
      "Target": {
        "PinType": 2,
        "SubChipID": 0,
        "PinID": 1102531585
      },
      "WirePoints": [
        {
          "X": -0.0416671038,
          "Y": -1.164722
        },
        {
          "X": 7.21296358,
          "Y": -1.164722
        },
        {
          "X": 7.21296358,
          "Y": -0.435185134
        },
        {
          "X": 7.837778,
          "Y": -0.444444418
        }
      ],
      "ColourThemeName": "Red"
    },
    {
      "Source": {
        "PinType": 4,
        "SubChipID": 1107662327,
        "PinID": 2129160425
      },
      "Target": {
        "PinType": 2,
        "SubChipID": 0,
        "PinID": 1544830390
      },
      "WirePoints": [
        {
          "X": -0.0416671038,
          "Y": -1.644722
        },
        {
          "X": 7.5092597,
          "Y": -1.644722
        },
        {
          "X": 7.5092597,
          "Y": -1.05555558
        },
        {
          "X": 7.837778,
          "Y": -1.06481493
        }
      ],
      "ColourThemeName": "Red"
    },
    {
      "Source": {
        "PinType": 4,
        "SubChipID": 1107662327,
        "PinID": 1739648028
      },
      "Target": {
        "PinType": 2,
        "SubChipID": 0,
        "PinID": 119882908
      },
      "WirePoints": [
        {
          "X": -0.0416671038,
          "Y": -2.124722
        },
        {
          "X": 7.620371,
          "Y": -2.124722
        },
        {
          "X": 7.620371,
          "Y": -1.65740728
        },
        {
          "X": 7.837778,
          "Y": -1.68518519
        }
      ],
      "ColourThemeName": "Red"
    },
    {
      "Source": {
        "PinType": 4,
        "SubChipID": 1107662327,
        "PinID": 624442070
      },
      "Target": {
        "PinType": 2,
        "SubChipID": 0,
        "PinID": 2031193643
      },
      "WirePoints": [
        {
          "X": -0.0416671038,
          "Y": -2.604722
        },
        {
          "X": 7.59259272,
          "Y": -2.604722
        },
        {
          "X": 7.59259272,
          "Y": -2.26851845
        },
        {
          "X": 7.837778,
          "Y": -2.29629636
        }
      ],
      "ColourThemeName": "Red"
    }
  ]
}