{
  "Name": "NOR",
  "Colour": "#BC1EBE",
  "InputPins": [
    {
      "Name": "Pin",
      "ID": 1222611126,
      "PositionY": 0.259259343,
      "ColourThemeName": "Red"
    },
    {
      "Name": "Pin",
      "ID": 1771931844,
      "PositionY": -0.398148,
      "ColourThemeName": "Red"
    }
  ],
  "OutputPins": [
    {
      "Name": "Pin",
      "ID": 632362697,
      "PositionY": 0.129629374,
      "ColourThemeName": "Red"
    }
  ],
  "SubChips": [
    {
      "Name": "OR",
      "ID": 230600224,
      "Points": [
        {
          "X": -3.68518472,
          "Y": 0.120370686
        }
      ],
      "Data": null
    },
    {
      "Name": "NOT",
      "ID": 630047798,
      "Points": [
        {
          "X": -0.9444444,
          "Y": 0.120369792
        }
      ],
      "Data": null
    }
  ],
  "Connections": [
    {
      "Source": {
        "PinType": 1,
        "SubChipID": 0,
        "PinID": 1222611126
      },
      "Target": {
        "PinType": 3,
        "SubChipID": 230600224,
        "PinID": 943289771
      },
      "WirePoints": [
        {
          "X": -7.837778,
          "Y": 0.259259343
        },
        {
          "X": -4.37962961,
          "Y": 0.259259343
        },
        {
          "X": -4.135185,
          "Y": 0.240370691
        }
      ],
      "ColourThemeName": "Red"
    },
    {
      "Source": {
        "PinType": 1,
        "SubChipID": 0,
        "PinID": 1771931844
      },
      "Target": {
        "PinType": 3,
        "SubChipID": 230600224,
        "PinID": 176070845
      },
      "WirePoints": [
        {
          "X": -7.837778,
          "Y": -0.398148
        },
        {
          "X": -4.388889,
          "Y": -0.398148
        },
        {
          "X": -4.388889,
          "Y": 0.0370371342
        },
        {
          "X": -4.2592597,
          "Y": 0.0370371342
        },
        {
          "X": -4.135185,
          "Y": 0.000370688736
        }
      ],
      "ColourThemeName": "Red"
    },
    {
      "Source": {
        "PinType": 4,
        "SubChipID": 230600224,
        "PinID": 502664682
      },
      "Target": {
        "PinType": 3,
        "SubChipID": 630047798,
        "PinID": 0
      },
      "WirePoints": [
        {
          "X": -3.23518467,
          "Y": 0.120370686
        },
        {
          "X": -1.49444437,
          "Y": 0.120369792
        }
      ],
      "ColourThemeName": "Red"
    },
    {
      "Source": {
        "PinType": 4,
        "SubChipID": 630047798,
        "PinID": 1
      },
      "Target": {
        "PinType": 2,
        "SubChipID": 0,
        "PinID": 632362697
      },
      "WirePoints": [
        {
          "X": -0.3944444,
          "Y": 0.120369792
        },
        {
          "X": 7.837778,
          "Y": 0.129629374
        }
      ],
      "ColourThemeName": "Red"
    }
  ]
}