{
  "Name": "OR3",
  "Colour": "#846085",
  "InputPins": [
    {
      "Name": "Pin",
      "ID": 396615584,
      "PositionY": 0.657407641,
      "ColourThemeName": "Red"
    },
    {
      "Name": "Pin",
      "ID": 285795093,
      "PositionY": -0.02777785,
      "ColourThemeName": "Red"
    },
    {
      "Name": "Pin",
      "ID": 227407343,
      "PositionY": -0.6759259,
      "ColourThemeName": "Red"
    }
  ],
  "OutputPins": [
    {
      "Name": "Pin",
      "ID": 1745116836,
      "PositionY": -0.6111112,
      "ColourThemeName": "Red"
    }
  ],
  "SubChips": [
    {
      "Name": "OR",
      "ID": 1514450214,
      "Points": [
        {
          "X": -3.33333373,
          "Y": 0.305555463
        }
      ],
      "Data": null
    },
    {
      "Name": "OR",
      "ID": 891132307,
      "Points": [
        {
          "X": -0.111111641,
          "Y": -0.537037134
        }
      ],
      "Data": null
    }
  ],
  "Connections": [
    {
      "Source": {
        "PinType": 1,
        "SubChipID": 0,
        "PinID": 396615584
      },
      "Target": {
        "PinType": 3,
        "SubChipID": 1514450214,
        "PinID": 943289771
      },
      "WirePoints": [
        {
          "X": -7.837778,
          "Y": 0.657407641
        },
        {
          "X": -4.027778,
          "Y": 0.657407641
        },
        {
          "X": -4.027778,
          "Y": 0.425925851
        },
        {
          "X": -3.78333378,
          "Y": 0.425555468
        }
      ],
      "ColourThemeName": "Red"
    },
    {
      "Source": {
        "PinType": 1,
        "SubChipID": 0,
        "PinID": 285795093
      },
      "Target": {
        "PinType": 3,
        "SubChipID": 1514450214,
        "PinID": 176070845
      },
      "WirePoints": [
        {
          "X": -7.837778,
          "Y": -0.02777785
        },
        {
          "X": -4.064815,
          "Y": -0.02777785
        },
        {
          "X": -4.064815,
          "Y": 0.166666508
        },
        {
          "X": -3.78333378,
          "Y": 0.185555458
        }
      ],
      "ColourThemeName": "Red"
    },
    {
      "Source": {
        "PinType": 1,
        "SubChipID": 0,
        "PinID": 227407343
      },
      "Target": {
        "PinType": 3,
        "SubChipID": 891132307,
        "PinID": 176070845
      },
      "WirePoints": [
        {
          "X": -7.837778,
          "Y": -0.6759259
        },
        {
          "X": -0.5611116,
          "Y": -0.657037139
        }
      ],
      "ColourThemeName": "Red"
    },
    {
      "Source": {
        "PinType": 4,
        "SubChipID": 1514450214,
        "PinID": 502664682
      },
      "Target": {
        "PinType": 3,
        "SubChipID": 891132307,
        "PinID": 943289771
      },
      "WirePoints": [
        {
          "X": -2.88333368,
          "Y": 0.305555463
        },
        {
          "X": -1.064815,
          "Y": 0.305555463
        },
        {
          "X": -1.064815,
          "Y": -0.388889
        },
        {
          "X": -0.5611116,
          "Y": -0.417037129
        }
      ],
      "ColourThemeName": "Red"
    },
    {
      "Source": {
        "PinType": 4,
        "SubChipID": 891132307,
        "PinID": 502664682
      },
      "Target": {
        "PinType": 2,
        "SubChipID": 0,
        "PinID": 1745116836
      },
      "WirePoints": [
        {
          "X": 0.338888347,
          "Y": -0.537037134
        },
        {
          "X": 7.837778,
          "Y": -0.6111112
        }
      ],
      "ColourThemeName": "Red"
    }
  ]
}