{
  "Name": "OR4",
  "Colour": "#A44A99",
  "InputPins": [
    {
      "Name": "Pin",
      "ID": 764219654,
      "PositionY": 1.06481493,
      "ColourThemeName": "Red"
    },
    {
      "Name": "Pin",
      "ID": 671009497,
      "PositionY": 0.314815044,
      "ColourThemeName": "Red"
    },
    {
      "Name": "Pin",
      "ID": 223990794,
      "PositionY": -0.416666567,
      "ColourThemeName": "Red"
    },
    {
      "Name": "Pin",
      "ID": 1591791314,
      "PositionY": -1.111111,
      "ColourThemeName": "Red"
    }
  ],
  "OutputPins": [
    {
      "Name": "Pin",
      "ID": 1802244770,
      "PositionY": -0.6111112,
      "ColourThemeName": "Red"
    }
  ],
  "SubChips": [
    {
      "Name": "OR3",
      "ID": 2023993349,
      "Points": [
        {
          "X": -1.2129631,
          "Y": 0.5555558
        }
      ],
      "Data": null
    },
    {
      "Name": "OR",
      "ID": 1437556129,
      "Points": [
        {
          "X": 0.9907405,
          "Y": -0.592592657
        }
      ],
      "Data": null
    }
  ],
  "Connections": [
    {
      "Source": {
        "PinType": 4,
        "SubChipID": 2023993349,
        "PinID": 1745116836
      },
      "Target": {
        "PinType": 3,
        "SubChipID": 1437556129,
        "PinID": 943289771
      },
      "WirePoints": [
        {
          "X": -0.6629631,
          "Y": 0.5555558
        },
        {
          "X": 0.101851359,
          "Y": 0.5555558
        },
        {
          "X": 0.101851359,
          "Y": -0.5000001
        },
        {
          "X": 0.5407405,
          "Y": -0.472592652
        }
      ],
      "ColourThemeName": "Red"
    },
    {
      "Source": {
        "PinType": 1,
        "SubChipID": 0,
        "PinID": 1591791314
      },
      "Target": {
        "PinType": 3,
        "SubChipID": 1437556129,
        "PinID": 176070845
      },
      "WirePoints": [
        {
          "X": -7.837778,
          "Y": -1.111111
        },
        {
          "X": -7.2592597,
          "Y": -1.12037039
        },
        {
          "X": -7.2592597,
          "Y": -0.712592661
        },
        {
          "X": 0.5407405,
          "Y": -0.712592661
        }
      ],
      "ColourThemeName": "Red"
    },
    {
      "Source": {
        "PinType": 1,
        "SubChipID": 0,
        "PinID": 223990794
      },
      "Target": {
        "PinType": 3,
        "SubChipID": 2023993349,
        "PinID": 227407343
      },
      "WirePoints": [
        {
          "X": -7.837778,
          "Y": -0.416666567
        },
        {
          "X": -2.17592621,
          "Y": -0.416666567
        },
        {
          "X": -2.17592621,
          "Y": 0.32407403
        },
        {
          "X": -1.762963,
          "Y": 0.3155558
        }
      ],
      "ColourThemeName": "Red"
    },
    {
      "Source": {
        "PinType": 1,
        "SubChipID": 0,
        "PinID": 671009497
      },
      "Target": {
        "PinType": 3,
        "SubChipID": 2023993349,
        "PinID": 285795093
      },
      "WirePoints": [
        {
          "X": -7.837778,
          "Y": 0.314815044
        },
        {
          "X": -2.518519,
          "Y": 0.314815044
        },
        {
          "X": -2.518519,
          "Y": 0.5277777
        },
        {
          "X": -1.762963,
          "Y": 0.5555558
        }
      ],
      "ColourThemeName": "Red"
    },
    {
      "Source": {
        "PinType": 1,
        "SubChipID": 0,
        "PinID": 764219654
      },
      "Target": {
        "PinType": 3,
        "SubChipID": 2023993349,
        "PinID": 396615584
      },
      "WirePoints": [
        {
          "X": -7.837778,
          "Y": 1.06481493
        },
        {
          "X": -2.13888931,
          "Y": 1.06481493
        },
        {
          "X": -2.13888931,
          "Y": 0.759259462
        },
        {
          "X": -1.762963,
          "Y": 0.79555583
        }
      ],
      "ColourThemeName": "Red"
    },
    {
      "Source": {
        "PinType": 4,
        "SubChipID": 1437556129,
        "PinID": 502664682
      },
      "Target": {
        "PinType": 2,
        "SubChipID": 0,
        "PinID": 1802244770
      },
      "WirePoints": [
        {
          "X": 1.44074047,
          "Y": -0.592592657
        },
        {
          "X": 7.837778,
          "Y": -0.6111112
        }
      ],
      "ColourThemeName": "Red"
    }
  ]
}