{
  "Name": "DIGIT DISPLAY",
  "Colour": "#EB689A",
  "InputPins": [
    {
      "Name": "Pin",
      "ID": 1999277335,
      "PositionY": 1.5925926,
      "ColourThemeName": "Red"
    },
    {
      "Name": "Pin",
      "ID": 1357298049,
      "PositionY": 0.7407409,
      "ColourThemeName": "Red"
    },
    {
      "Name": "Pin",
      "ID": 1127544938,
      "PositionY": -0.185185075,
      "ColourThemeName": "Red"
    },
    {
      "Name": "Pin",
      "ID": 1554020288,
      "PositionY": -1.12037015,
      "ColourThemeName": "Red"
    }
  ],
  "OutputPins": [
    {
      "Name": "Pin",
      "ID": 123886405,
      "PositionY": 1.7592591,
      "ColourThemeName": "Red"
    },
    {
      "Name": "Pin",
      "ID": 903342464,
      "PositionY": 1.06481493,
      "ColourThemeName": "Red"
    },
    {
      "Name": "Pin",
      "ID": 741068852,
      "PositionY": 0.37037015,
      "ColourThemeName": "Red"
    },
    {
      "Name": "Pin",
      "ID": 6642967,
      "PositionY": -0.305555463,
      "ColourThemeName": "Red"
    },
    {
      "Name": "Pin",
      "ID": 1308222500,
      "PositionY": -1.01851845,
      "ColourThemeName": "Red"
    },
    {
      "Name": "Pin",
      "ID": 1773709266,
      "PositionY": -1.69444442,
      "ColourThemeName": "Red"
    },
    {
      "Name": "Pin",
      "ID": 1571993291,
      "PositionY": -2.41666675,
      "ColourThemeName": "Red"
    },
    {
      "Name": "Pin",
      "ID": 1511611531,
      "PositionY": -3.08333349,
      "ColourThemeName": "Red"
    }
  ],
  "SubChips": [
    {
      "Name": "XOR",
      "ID": 169290675,
      "Points": [
        {
          "X": -4.814814,
          "Y": 1.9699086
        }
      ],
      "Data": null
    },
    {
      "Name": "XOR",
      "ID": 1038479049,
      "Points": [
        {
          "X": -4.81481361,
          "Y": 1.11342573
        }
      ],
      "Data": null
    },
    {
      "Name": "XOR",
      "ID": 794304179,
      "Points": [
        {
          "X": -0.111111015,
          "Y": 3.24768448
        }
      ],
      "Data": null
    },
    {
      "Name": "XOR",
      "ID": 1931504286,
      "Points": [
        {
          "X": -0.0833326,
          "Y": -0.7662038
        }
      ],
      "Data": null
    },
    {
      "Name": "OR",
      "ID": 2147235198,
      "Points": [
        {
          "X": -4.787037,
          "Y": 0.185185552
        }
      ],
      "Data": null
    },
    {
      "Name": "OR",
      "ID": 615814335,
      "Points": [
        {
          "X": -2.4907403,
          "Y": -0.370370567
        }
      ],
      "Data": null
    },
    {
      "Name": "OR",
      "ID": 1248642797,
      "Points": [
        {
          "X": 1.67592585,
          "Y": -0.916666865
        }
      ],
      "Data": null
    },
    {
      "Name": "OR",
      "ID": 2103192080,
      "Points": [
        {
          "X": 3.61111021,
          "Y": 0.416666865
        }
      ],
      "Data": null
    },
    {
      "Name": "OR",
      "ID": 411449922,
      "Points": [
        {
          "X": 5.425926,
          "Y": 0.9537039
        }
      ],
      "Data": null
    },
    {
      "Name": "OR",
      "ID": 1053752559,
      "Points": [
        {
          "X": 5.37963057,
          "Y": 3.351852
        }
      ],
      "Data": null
    },
    {
      "Name": "NOT",
      "ID": 1506828254,
      "Points": [
        {
          "X": -4.777778,
          "Y": -0.6206484
        }
      ],
      "Data": null
    },
    {
      "Name": "NOT",
      "ID": 1470728267,
      "Points": [
        {
          "X": -4.796296,
          "Y": -1.39787042
        }
      ],
      "Data": null
    },
    {
      "Name": "NOR",
      "ID": 1722748141,
      "Points": [
        {
          "X": -2.44444442,
          "Y": -1.44444478
        }
      ],
      "Data": null
    },
    {
      "Name": "NOR",
      "ID": 2048255859,
      "Points": [
        {
          "X": -2.51851821,
          "Y": 1.44444478
        }
      ],
      "Data": null
    },
    {
      "Name": "NOR",
      "ID": 101107717,
      "Points": [
        {
          "X": -0.0370370038,
          "Y": -1.58333325
        }
      ],
      "Data": null
    },
    {
      "Name": "AND",
      "ID": 1617995381,
      "Points": [
        {
          "X": -0.129629239,
          "Y": 1.23842657
        }
      ],
      "Data": null
    },
    {
      "Name": "AND",
      "ID": 1277598880,
      "Points": [
        {
          "X": -0.120370127,
          "Y": 0.131944358
        }
      ],
      "Data": null
    },
    {
      "Name": "NAND",
      "ID": 1228021747,
      "Points": [
        {
          "X": 1.76851916,
          "Y": 1.398148
        }
      ],
      "Data": null
    },
    {
      "Name": "NAND",
      "ID": 666609079,
      "Points": [
        {
          "X": 3.49074078,
          "Y": -0.5000001
        }
      ],
      "Data": null
    }
  ],
  "Connections": [
    {
      "Source": {
        "PinType": 1,
        "SubChipID": 0,
        "PinID": 1999277335
      },
      "Target": {
        "PinType": 3,
        "SubChipID": 169290675,
        "PinID": 1790106757
      },
      "WirePoints": [
        {
          "X": -7.837778,
          "Y": 1.5925926
        },
        {
          "X": -6.527778,
          "Y": 1.5925926
        },
        {
          "X": -6.527778,
          "Y": 2.09259272
        },
        {
          "X": -5.36481428,
          "Y": 2.0899086
        }
      ],
      "ColourThemeName": "Red"
    },
    {
      "Source": {
        "PinType": 1,
        "SubChipID": 0,
        "PinID": 1999277335
      },
      "Target": {
        "PinType": 3,
        "SubChipID": 2048255859,
        "PinID": 1222611126
      },
      "WirePoints": [
        {
          "X": -7.837778,
          "Y": 1.5925926
        },
        {
          "X": -6.527778,
          "Y": 1.5925926
        },
        {
          "X": -6.527778,
          "Y": 2.09259272
        },
        {
          "X": -5.99080753,
          "Y": 2.09135342
        },
        {
          "X": -5.99080753,
          "Y": 4.43518543
        },
        {
          "X": -3.60185218,
          "Y": 4.43518543
        },
        {
          "X": -3.60185218,
          "Y": 1.5925926
        },
        {
          "X": -3.06851816,
          "Y": 1.56444478
        }
      ],
      "ColourThemeName": "Red"
    },
    {
      "Source": {
        "PinType": 1,
        "SubChipID": 0,
        "PinID": 1357298049
      },
      "Target": {
        "PinType": 3,
        "SubChipID": 1038479049,
        "PinID": 1790106757
      },
      "WirePoints": [
        {
          "X": -7.837778,
          "Y": 0.7407409
        },
        {
          "X": -6.86111164,
          "Y": 0.7407409
        },
        {
          "X": -6.40740728,
          "Y": 0.7407409
        },
        {
          "X": -6.40740728,
          "Y": 1.22222245
        },
        {
          "X": -5.364814,
          "Y": 1.23342574
        }
      ],
      "ColourThemeName": "Red"
    },
    {
      "Source": {
        "PinType": 1,
        "SubChipID": 0,
        "PinID": 1357298049
      },
      "Target": {
        "PinType": 3,
        "SubChipID": 169290675,
        "PinID": 372054391
      },
      "WirePoints": [
        {
          "X": -7.837778,
          "Y": 0.7407409
        },
        {
          "X": -6.86111164,
          "Y": 0.7407409
        },
        {
          "X": -6.40740728,
          "Y": 0.7407409
        },
        {
          "X": -6.40740728,
          "Y": 1.22222245
        },
        {
          "X": -5.989993,
          "Y": 1.22670782
        },
        {
          "X": -5.989993,
          "Y": 1.87037051
        },
        {
          "X": -5.36481428,
          "Y": 1.84990859
        }
      ],
      "ColourThemeName": "Red"
    },
    {
      "Source": {
        "PinType": 1,
        "SubChipID": 0,
        "PinID": 1357298049
      },
      "Target": {
        "PinType": 3,
        "SubChipID": 1470728267,
        "PinID": 0
      },
      "WirePoints": [
        {
          "X": -7.837778,
          "Y": 0.7407409
        },
        {
          "X": -6.86111164,
          "Y": 0.7407409
        },
        {
          "X": -6.57843876,
          "Y": 0.7407409
        },
        {
          "X": -6.57843876,
          "Y": -1.44444442
        },
        {
          "X": -5.34629631,
          "Y": -1.39787042
        }
      ],
      "ColourThemeName": "Red"
    },
    {
      "Source": {
        "PinType": 1,
        "SubChipID": 0,
        "PinID": 1127544938
      },
      "Target": {
        "PinType": 3,
        "SubChipID": 2147235198,
        "PinID": 943289771
      },
      "WirePoints": [
        {
          "X": -7.837778,
          "Y": -0.185185075
        },
        {
          "X": -5.74074125,
          "Y": -0.185185075
        },
        {
          "X": -5.74074125,
          "Y": 0.305555463
        },
        {
          "X": -5.23703671,
          "Y": 0.305185556
        }
      ],
      "ColourThemeName": "Red"
    },
    {
      "Source": {
        "PinType": 1,
        "SubChipID": 0,
        "PinID": 1127544938
      },
      "Target": {
        "PinType": 3,
        "SubChipID": 1038479049,
        "PinID": 372054391
      },
      "WirePoints": [
        {
          "X": -7.837778,
          "Y": -0.185185075
        },
        {
          "X": -6.19444466,
          "Y": -0.185185075
        },
        {
          "X": -6.19444466,
          "Y": 1.00925922
        },
        {
          "X": -5.364814,
          "Y": 0.9934257
        }
      ],
      "ColourThemeName": "Red"
    },
    {
      "Source": {
        "PinType": 1,
        "SubChipID": 0,
        "PinID": 1127544938
      },
      "Target": {
        "PinType": 3,
        "SubChipID": 1722748141,
        "PinID": 1771931844
      },
      "WirePoints": [
        {
          "X": -7.837778,
          "Y": -0.185185075
        },
        {
          "X": -7.12962961,
          "Y": -0.185185075
        },
        {
          "X": -7.12962961,
          "Y": -2.55555582
        },
        {
          "X": -3.40740752,
          "Y": -2.55555582
        },
        {
          "X": -3.40740752,
          "Y": -1.54629612
        },
        {
          "X": -2.99444437,
          "Y": -1.56444478
        }
      ],
      "ColourThemeName": "Red"
    },
    {
      "Source": {
        "PinType": 1,
        "SubChipID": 0,
        "PinID": 1554020288
      },
      "Target": {
        "PinType": 3,
        "SubChipID": 1506828254,
        "PinID": 0
      },
      "WirePoints": [
        {
          "X": -7.837778,
          "Y": -1.12037015
        },
        {
          "X": -5.84259272,
          "Y": -1.04629636
        },
        {
          "X": -5.84259272,
          "Y": -0.60185194
        },
        {
          "X": -5.32777834,
          "Y": -0.6206484
        }
      ],
      "ColourThemeName": "Red"
    },
    {
      "Source": {
        "PinType": 1,
        "SubChipID": 0,
        "PinID": 1554020288
      },
      "Target": {
        "PinType": 3,
        "SubChipID": 411449922,
        "PinID": 176070845
      },
      "WirePoints": [
        {
          "X": -7.837778,
          "Y": -1.12037015
        },
        {
          "X": -7.837778,
          "Y": -3.37037039
        },
        {
          "X": 5.45370436,
          "Y": -3.37037039
        },
        {
          "X": 5.45370436,
          "Y": 0.148147941
        },
        {
          "X": 4.65740776,
          "Y": 0.148147941
        },
        {
          "X": 4.65740776,
          "Y": 0.8981484
        },
        {
          "X": 4.9759264,
          "Y": 0.8337039
        }
      ],
      "ColourThemeName": "Red"
    },
    {
      "Source": {
        "PinType": 1,
        "SubChipID": 0,
        "PinID": 1554020288
      },
      "Target": {
        "PinType": 3,
        "SubChipID": 1277598880,
        "PinID": 1
      },
      "WirePoints": [
        {
          "X": -7.837778,
          "Y": -1.12037015
        },
        {
          "X": -7.837778,
          "Y": -3.37037039
        },
        {
          "X": -0.9074068,
          "Y": -3.37037039
        },
        {
          "X": -0.9074073,
          "Y": 0.0370371342
        },
        {
          "X": -0.670370162,
          "Y": 0.011944361
        }
      ],
      "ColourThemeName": "Red"
    },
    {
      "Source": {
        "PinType": 1,
        "SubChipID": 0,
        "PinID": 1554020288
      },
      "Target": {
        "PinType": 3,
        "SubChipID": 101107717,
        "PinID": 1771931844
      },
      "WirePoints": [
        {
          "X": -7.837778,
          "Y": -1.12037015
        },
        {
          "X": -7.837778,
          "Y": -3.37037039
        },
        {
          "X": -0.9074068,
          "Y": -3.37037039
        },
        {
          "X": -0.907407045,
          "Y": -1.69444442
        },
        {
          "X": -0.587037,
          "Y": -1.70333326
        }
      ],
      "ColourThemeName": "Red"
    },
    {
      "Source": {
        "PinType": 4,
        "SubChipID": 1470728267,
        "PinID": 1
      },
      "Target": {
        "PinType": 3,
        "SubChipID": 1722748141,
        "PinID": 1222611126
      },
      "WirePoints": [
        {
          "X": -4.246296,
          "Y": -1.39787042
        },
        {
          "X": -2.99444437,
          "Y": -1.32444477
        }
      ],
      "ColourThemeName": "Red"
    },
    {
      "Source": {
        "PinType": 4,
        "SubChipID": 1506828254,
        "PinID": 1
      },
      "Target": {
        "PinType": 3,
        "SubChipID": 615814335,
        "PinID": 176070845
      },
      "WirePoints": [
        {
          "X": -4.227778,
          "Y": -0.6206484
        },
        {
          "X": -3.06481481,
          "Y": -0.6206484
        },
        {
          "X": -2.94074035,
          "Y": -0.490370572
        }
      ],
      "ColourThemeName": "Red"
    },
    {
      "Source": {
        "PinType": 4,
        "SubChipID": 2147235198,
        "PinID": 502664682
      },
      "Target": {
        "PinType": 3,
        "SubChipID": 2048255859,
        "PinID": 1771931844
      },
      "WirePoints": [
        {
          "X": -4.337037,
          "Y": 0.185185552
        },
        {
          "X": -3.33333349,
          "Y": 0.185185552
        },
        {
          "X": -3.33333349,
          "Y": 1.29629612
        },
        {
          "X": -3.06851816,
          "Y": 1.32444477
        }
      ],
      "ColourThemeName": "Red"
    },
    {
      "Source": {
        "PinType": 4,
        "SubChipID": 2147235198,
        "PinID": 502664682
      },
      "Target": {
        "PinType": 3,
        "SubChipID": 1228021747,
        "PinID": 1952353168
      },
      "WirePoints": [
        {
          "X": -4.337037,
          "Y": 0.185185552
        },
        {
          "X": -3.33333349,
          "Y": 0.185185552
        },
        {
          "X": -3.33333349,
          "Y": 0.6759262
        },
        {
          "X": 0.824074268,
          "Y": 0.6759262
        },
        {
          "X": 0.824074268,
          "Y": 1.29629612
        },
        {
          "X": 1.12351918,
          "Y": 1.27814794
        }
      ],
      "ColourThemeName": "Red"
    },
    {
      "Source": {
        "PinType": 4,
        "SubChipID": 2147235198,
        "PinID": 502664682
      },
      "Target": {
        "PinType": 3,
        "SubChipID": 666609079,
        "PinID": 1952353168
      },
      "WirePoints": [
        {
          "X": -4.337037,
          "Y": 0.185185552
        },
        {
          "X": -3.33333349,
          "Y": 0.185185552
        },
        {
          "X": -3.33333349,
          "Y": 0.6759262
        },
        {
          "X": 0.745914936,
          "Y": 0.6759262
        },
        {
          "X": 2.37962937,
          "Y": 0.724673331
        },
        {
          "X": 2.37962937,
          "Y": -0.64814806
        },
        {
          "X": 2.8457408,
          "Y": -0.6200001
        }
      ],
      "ColourThemeName": "Red"
    },
    {
      "Source": {
        "PinType": 4,
        "SubChipID": 1038479049,
        "PinID": 941371597
      },
      "Target": {
        "PinType": 3,
        "SubChipID": 615814335,
        "PinID": 943289771
      },
      "WirePoints": [
        {
          "X": -4.26481342,
          "Y": 1.11342573
        },
        {
          "X": -3.6481483,
          "Y": 1.11342573
        },
        {
          "X": -3.6481483,
          "Y": -0.25000006
        },
        {
          "X": -2.94074035,
          "Y": -0.250370562
        }
      ],
      "ColourThemeName": "Red"
    },
    {
      "Source": {
        "PinType": 4,
        "SubChipID": 169290675,
        "PinID": 941371597
      },
      "Target": {
        "PinType": 3,
        "SubChipID": 794304179,
        "PinID": 1790106757
      },
      "WirePoints": [
        {
          "X": -4.264814,
          "Y": 1.9699086
        },
        {
          "X": -1.74074078,
          "Y": 1.9699086
        },
        {
          "X": -1.74074078,
          "Y": 3.36111116
        },
        {
          "X": -0.661111,
          "Y": 3.36768436
        }
      ],
      "ColourThemeName": "Red"
    },
    {
      "Source": {
        "PinType": 4,
        "SubChipID": 169290675,
        "PinID": 941371597
      },
      "Target": {
        "PinType": 3,
        "SubChipID": 1617995381,
        "PinID": 0
      },
      "WirePoints": [
        {
          "X": -4.264814,
          "Y": 1.9699086
        },
        {
          "X": -1.87155247,
          "Y": 1.9699086
        },
        {
          "X": -1.027778,
          "Y": 1.99010921
        },
        {
          "X": -1.027778,
          "Y": 1.33333325
        },
        {
          "X": -0.679629266,
          "Y": 1.35842657
        }
      ],
      "ColourThemeName": "Red"
    },
    {
      "Source": {
        "PinType": 4,
        "SubChipID": 2048255859,
        "PinID": 632362697
      },
      "Target": {
        "PinType": 3,
        "SubChipID": 794304179,
        "PinID": 372054391
      },
      "WirePoints": [
        {
          "X": -1.96851826,
          "Y": 1.44444478
        },
        {
          "X": -1.31481493,
          "Y": 1.44444478
        },
        {
          "X": -1.31481493,
          "Y": 3.08333349
        },
        {
          "X": -0.661111,
          "Y": 3.12768459
        }
      ],
      "ColourThemeName": "Red"
    },
    {
      "Source": {
        "PinType": 4,
        "SubChipID": 2048255859,
        "PinID": 632362697
      },
      "Target": {
        "PinType": 3,
        "SubChipID": 1931504286,
        "PinID": 1790106757
      },
      "WirePoints": [
        {
          "X": -1.96851826,
          "Y": 1.44444478
        },
        {
          "X": -1.39357316,
          "Y": 1.44444478
        },
        {
          "X": -1.39357316,
          "Y": -0.6666666
        },
        {
          "X": -0.6333326,
          "Y": -0.6462038
        }
      ],
      "ColourThemeName": "Red"
    },
    {
      "Source": {
        "PinType": 4,
        "SubChipID": 615814335,
        "PinID": 502664682
      },
      "Target": {
        "PinType": 3,
        "SubChipID": 1931504286,
        "PinID": 372054391
      },
      "WirePoints": [
        {
          "X": -2.04074025,
          "Y": -0.370370567
        },
        {
          "X": -1.62962973,
          "Y": -0.370370567
        },
        {
          "X": -1.62962973,
          "Y": -0.9074074
        },
        {
          "X": -0.6333326,
          "Y": -0.8862038
        }
      ],
      "ColourThemeName": "Red"
    },
    {
      "Source": {
        "PinType": 4,
        "SubChipID": 615814335,
        "PinID": 502664682
      },
      "Target": {
        "PinType": 3,
        "SubChipID": 1617995381,
        "PinID": 1
      },
      "WirePoints": [
        {
          "X": -2.04074025,
          "Y": -0.370370567
        },
        {
          "X": -1.8425926,
          "Y": -0.370370567
        },
        {
          "X": -1.8425926,
          "Y": 1.09259248
        },
        {
          "X": -0.679629266,
          "Y": 1.11842656
        }
      ],
      "ColourThemeName": "Red"
    },
    {
      "Source": {
        "PinType": 4,
        "SubChipID": 615814335,
        "PinID": 502664682
      },
      "Target": {
        "PinType": 3,
        "SubChipID": 1277598880,
        "PinID": 0
      },
      "WirePoints": [
        {
          "X": -2.04074025,
          "Y": -0.370370567
        },
        {
          "X": -1.8425926,
          "Y": -0.370370567
        },
        {
          "X": -1.8425926,
          "Y": 0.268518329
        },
        {
          "X": -0.670370162,
          "Y": 0.251944363
        }
      ],
      "ColourThemeName": "Red"
    },
    {
      "Source": {
        "PinType": 4,
        "SubChipID": 1722748141,
        "PinID": 632362697
      },
      "Target": {
        "PinType": 3,
        "SubChipID": 101107717,
        "PinID": 1222611126
      },
      "WirePoints": [
        {
          "X": -1.89444447,
          "Y": -1.44444478
        },
        {
          "X": -0.587037,
          "Y": -1.46333325
        }
      ],
      "ColourThemeName": "Red"
    },
    {
      "Source": {
        "PinType": 4,
        "SubChipID": 1722748141,
        "PinID": 632362697
      },
      "Target": {
        "PinType": 3,
        "SubChipID": 1248642797,
        "PinID": 176070845
      },
      "WirePoints": [
        {
          "X": -1.89444447,
          "Y": -1.44444478
        },
        {
          "X": -1.30661488,
          "Y": -1.45293736
        },
        {
          "X": -1.30661488,
          "Y": -1.15740752
        },
        {
          "X": 0.9444449,
          "Y": -1.15740752
        },
        {
          "X": 0.9444449,
          "Y": -0.990740657
        },
        {
          "X": 1.22592592,
          "Y": -1.03666687
        }
      ],
      "ColourThemeName": "Red"
    },
    {
      "Source": {
        "PinType": 4,
        "SubChipID": 101107717,
        "PinID": 632362697
      },
      "Target": {
        "PinType": 3,
        "SubChipID": 2103192080,
        "PinID": 176070845
      },
      "WirePoints": [
        {
          "X": 0.512963,
          "Y": -1.58333325
        },
        {
          "X": 2.59259248,
          "Y": -1.58333325
        },
        {
          "X": 2.59259248,
          "Y": 0.314815044
        },
        {
          "X": 3.16111016,
          "Y": 0.296666861
        }
      ],
      "ColourThemeName": "Red"
    },
    {
      "Source": {
        "PinType": 4,
        "SubChipID": 1931504286,
        "PinID": 941371597
      },
      "Target": {
        "PinType": 3,
        "SubChipID": 1248642797,
        "PinID": 943289771
      },
      "WirePoints": [
        {
          "X": 0.4666674,
          "Y": -0.7662038
        },
        {
          "X": 1.22592592,
          "Y": -0.796666861
        }
      ],
      "ColourThemeName": "Red"
    },
    {
      "Source": {
        "PinType": 4,
        "SubChipID": 1277598880,
        "PinID": 2
      },
      "Target": {
        "PinType": 3,
        "SubChipID": 2103192080,
        "PinID": 943289771
      },
      "WirePoints": [
        {
          "X": 0.4296299,
          "Y": 0.131944358
        },
        {
          "X": 1.93518543,
          "Y": 0.131944358
        },
        {
          "X": 1.93518543,
          "Y": 0.490740538
        },
        {
          "X": 3.16111016,
          "Y": 0.53666687
        }
      ],
      "ColourThemeName": "Red"
    },
    {
      "Source": {
        "PinType": 4,
        "SubChipID": 1617995381,
        "PinID": 2
      },
      "Target": {
        "PinType": 3,
        "SubChipID": 1228021747,
        "PinID": 2061893510
      },
      "WirePoints": [
        {
          "X": 0.420370758,
          "Y": 1.23842657
        },
        {
          "X": 0.6481478,
          "Y": 1.23842657
        },
        {
          "X": 0.6481478,
          "Y": 1.5370369
        },
        {
          "X": 1.12351918,
          "Y": 1.518148
        }
      ],
      "ColourThemeName": "Red"
    },
    {
      "Source": {
        "PinType": 4,
        "SubChipID": 794304179,
        "PinID": 941371597
      },
      "Target": {
        "PinType": 3,
        "SubChipID": 1053752559,
        "PinID": 943289771
      },
      "WirePoints": [
        {
          "X": 0.438889,
          "Y": 3.24768448
        },
        {
          "X": 3.84259248,
          "Y": 3.24768448
        },
        {
          "X": 3.84259248,
          "Y": 3.54629636
        },
        {
          "X": 4.92963076,
          "Y": 3.47185183
        }
      ],
      "ColourThemeName": "Red"
    },
    {
      "Source": {
        "PinType": 4,
        "SubChipID": 1228021747,
        "PinID": 147111919
      },
      "Target": {
        "PinType": 3,
        "SubChipID": 666609079,
        "PinID": 2061893510
      },
      "WirePoints": [
        {
          "X": 2.41351914,
          "Y": 1.398148
        },
        {
          "X": 2.80555534,
          "Y": 1.398148
        },
        {
          "X": 2.8457408,
          "Y": -0.3800001
        }
      ],
      "ColourThemeName": "Red"
    },
    {
      "Source": {
        "PinType": 4,
        "SubChipID": 666609079,
        "PinID": 147111919
      },
      "Target": {
        "PinType": 3,
        "SubChipID": 411449922,
        "PinID": 943289771
      },
      "WirePoints": [
        {
          "X": 4.13574076,
          "Y": -0.5000001
        },
        {
          "X": 4.453704,
          "Y": -0.5000001
        },
        {
          "X": 4.453704,
          "Y": 1.08333349
        },
        {
          "X": 4.9759264,
          "Y": 1.07370389
        }
      ],
      "ColourThemeName": "Red"
    },
    {
      "Source": {
        "PinType": 4,
        "SubChipID": 2103192080,
        "PinID": 502664682
      },
      "Target": {
        "PinType": 3,
        "SubChipID": 1053752559,
        "PinID": 176070845
      },
      "WirePoints": [
        {
          "X": 4.06111,
          "Y": 0.416666865
        },
        {
          "X": 4.32439327,
          "Y": 0.424644947
        },
        {
          "X": 4.32439327,
          "Y": 3.30555558
        },
        {
          "X": 4.92963076,
          "Y": 3.231852
        }
      ],
      "ColourThemeName": "Red"
    },
    {
      "Source": {
        "PinType": 1,
        "SubChipID": 0,
        "PinID": 1554020288
      },
      "Target": {
        "PinType": 3,
        "SubChipID": 2147235198,
        "PinID": 176070845
      },
      "WirePoints": [
        {
          "X": -7.837778,
          "Y": -1.12037015
        },
        {
          "X": -5.84259272,
          "Y": -1.04629636
        },
        {
          "X": -5.84259272,
          "Y": -0.60185194
        },
        {
          "X": -5.601689,
          "Y": -0.6106476
        },
        {
          "X": -5.58333349,
          "Y": -0.009259284
        },
        {
          "X": -5.23703671,
          "Y": 0.0651855543
        }
      ],
      "ColourThemeName": "Red"
    },
    {
      "Source": {
        "PinType": 1,
        "SubChipID": 0,
        "PinID": 1999277335
      },
      "Target": {
        "PinType": 2,
        "SubChipID": 0,
        "PinID": 123886405
      },
      "WirePoints": [
        {
          "X": -7.837778,
          "Y": 1.5925926
        },
        {
          "X": -6.527778,
          "Y": 1.5925926
        },
        {
          "X": -6.527778,
          "Y": 2.09259272
        },
        {
          "X": -5.99080753,
          "Y": 2.09135342
        },
        {
          "X": -5.99080753,
          "Y": 4.43518543
        },
        {
          "X": 6.24074125,
          "Y": 4.43518543
        },
        {
          "X": 6.24074125,
          "Y": 1.79629564
        },
        {
          "X": 7.837778,
          "Y": 1.7592591
        }
      ],
      "ColourThemeName": "Red"
    },
    {
      "Source": {
        "PinType": 4,
        "SubChipID": 1248642797,
        "PinID": 502664682
      },
      "Target": {
        "PinType": 2,
        "SubChipID": 0,
        "PinID": 1511611531
      },
      "WirePoints": [
        {
          "X": 2.12592578,
          "Y": -0.916666865
        },
        {
          "X": 5.648148,
          "Y": -0.916666865
        },
        {
          "X": 5.648148,
          "Y": -0.222222209
        },
        {
          "X": 6.275839,
          "Y": -0.262044042
        },
        {
          "X": 6.275839,
          "Y": -3.138889
        },
        {
          "X": 7.837778,
          "Y": -3.08333349
        }
      ],
      "ColourThemeName": "Red"
    },
    {
      "Source": {
        "PinType": 4,
        "SubChipID": 666609079,
        "PinID": 147111919
      },
      "Target": {
        "PinType": 2,
        "SubChipID": 0,
        "PinID": 1571993291
      },
      "WirePoints": [
        {
          "X": 4.13574076,
          "Y": -0.5000001
        },
        {
          "X": 5.16666651,
          "Y": -0.5000001
        },
        {
          "X": 5.16666651,
          "Y": -0.009259284
        },
        {
          "X": 6.40802526,
          "Y": -0.039129626
        },
        {
          "X": 6.40802526,
          "Y": -2.48148155
        },
        {
          "X": 7.837778,
          "Y": -2.41666675
        }
      ],
      "ColourThemeName": "Red"
    },
    {
      "Source": {
        "PinType": 4,
        "SubChipID": 101107717,
        "PinID": 632362697
      },
      "Target": {
        "PinType": 2,
        "SubChipID": 0,
        "PinID": 1773709266
      },
      "WirePoints": [
        {
          "X": 0.512963,
          "Y": -1.58333325
        },
        {
          "X": 7.81481552,
          "Y": -1.58333325
        },
        {
          "X": 7.837778,
          "Y": -1.69444442
        }
      ],
      "ColourThemeName": "Red"
    },
    {
      "Source": {
        "PinType": 4,
        "SubChipID": 2103192080,
        "PinID": 502664682
      },
      "Target": {
        "PinType": 2,
        "SubChipID": 0,
        "PinID": 1308222500
      },
      "WirePoints": [
        {
          "X": 4.06111,
          "Y": 0.416666865
        },
        {
          "X": 6.02739954,
          "Y": 0.431129962
        },
        {
          "X": 6.02739954,
          "Y": -1.06481493
        },
        {
          "X": 7.837778,
          "Y": -1.01851845
        }
      ],
      "ColourThemeName": "Red"
    },
    {
      "Source": {
        "PinType": 4,
        "SubChipID": 1053752559,
        "PinID": 502664682
      },
      "Target": {
        "PinType": 2,
        "SubChipID": 0,
        "PinID": 903342464
      },
      "WirePoints": [
        {
          "X": 5.82963037,
          "Y": 3.351852
        },
        {
          "X": 5.82963037,
          "Y": 2.23148155
        },
        {
          "X": 7.37962961,
          "Y": 2.23148155
        },
        {
          "X": 7.37962961,
          "Y": 1.03703678
        },
        {
          "X": 7.837778,
          "Y": 1.06481493
        }
      ],
      "ColourThemeName": "Red"
    },
    {
      "Source": {
        "PinType": 4,
        "SubChipID": 1228021747,
        "PinID": 147111919
      },
      "Target": {
        "PinType": 2,
        "SubChipID": 0,
        "PinID": 741068852
      },
      "WirePoints": [
        {
          "X": 2.41351914,
          "Y": 1.398148
        },
        {
          "X": 7.037037,
          "Y": 1.398148
        },
        {
          "X": 7.037037,
          "Y": 0.361111164
        },
        {
          "X": 7.837778,
          "Y": 0.37037015
        }
      ],
      "ColourThemeName": "Red"
    },
    {
      "Source": {
        "PinType": 4,
        "SubChipID": 411449922,
        "PinID": 502664682
      },
      "Target": {
        "PinType": 2,
        "SubChipID": 0,
        "PinID": 6642967
      },
      "WirePoints": [
        {
          "X": 5.875926,
          "Y": 0.9537039
        },
        {
          "X": 6.731482,
          "Y": 0.9537039
        },
        {
          "X": 6.731482,
          "Y": -0.3425926
        },
        {
          "X": 7.837778,
          "Y": -0.305555463
        }
      ],
      "ColourThemeName": "Red"
    }
  ]
}